filename,width,height,class,xmin,ymin,xmax,ymax
batch_1_000006.jpg,1537,2049,Bottle,517,127,964,1449
batch_1_000008.jpg,1537,2049,Carton,1,457,1430,1976
batch_1_000008.jpg,1537,2049,Carton,531,292,1537,964
batch_1_000010.jpg,1537,2049,Bottle,632,987,1132,1361
batch_1_000010.jpg,1537,2049,Bottle cap,632,989,676,1040
batch_1_000019.jpg,2049,1537,Bottle,209,920,663,1482
batch_1_000019.jpg,2049,1537,Bottle,1212,822,1391,1268
batch_1_000019.jpg,2049,1537,Bottle cap,634,1442,663,1481
batch_1_000019.jpg,2049,1537,Can,589,548,930,953
batch_1_000026.jpg,1537,2049,Can,556,944,1046,1280
batch_1_000047.jpg,2049,1537,Can,1205,47,1828,768
batch_1_000047.jpg,2049,1537,Can,309,11,890,831
batch_1_000047.jpg,2049,1537,Bottle,189,751,1806,1340
batch_1_000047.jpg,2049,1537,Bottle cap,189,903,394,1129
batch_1_000047.jpg,2049,1537,Pop tab,569,137,796,245
batch_1_000047.jpg,2049,1537,Pop tab,1540,171,1786,282
batch_1_000055.jpg,1537,2049,Can,515,439,872,1564
batch_1_000001.jpg,2049,1537,Bottle,826,744,1290,949
batch_1_000001.jpg,2049,1537,Bottle cap,1254,777,1290,824
batch_1_000005.jpg,1537,2049,Bottle,824,557,913,793
batch_1_000007.jpg,1537,2049,Can,730,126,1005,735
batch_1_000007.jpg,1537,2049,Cup,804,1,1026,160
batch_1_000007.jpg,1537,2049,Pop tab,781,125,866,182
batch_1_000012.jpg,1537,2049,Bottle,379,1127,804,1445
batch_1_000012.jpg,1537,2049,Plastic bag & wrapper,904,1083,941,1109
batch_1_000014.jpg,1537,2049,Styrofoam piece,1072,983,1196,1130
batch_1_000014.jpg,1537,2049,Styrofoam piece,914,1308,1157,1495
batch_1_000014.jpg,1537,2049,Can,672,1069,891,1230
batch_1_000014.jpg,1537,2049,Plastic bag & wrapper,401,1033,674,1306
batch_1_000014.jpg,1537,2049,Carton,836,1010,1175,1217
batch_1_000014.jpg,1537,2049,Other plastic,775,910,934,1009
batch_1_000048.jpg,2049,1537,Bottle,1527,460,1942,1493
batch_1_000048.jpg,2049,1537,Bottle,579,521,901,1442
batch_1_000048.jpg,2049,1537,Bottle,211,1,628,1418
batch_1_000048.jpg,2049,1537,Carton,1208,611,1577,1493
batch_1_000048.jpg,2049,1537,Carton,863,608,1216,1468
batch_1_000048.jpg,2049,1537,Bottle cap,1677,460,1888,558
batch_1_000048.jpg,2049,1537,Bottle cap,1325,663,1480,778
batch_1_000048.jpg,2049,1537,Bottle cap,969,636,1115,760
batch_1_000048.jpg,2049,1537,Bottle cap,610,521,795,618
batch_1_000048.jpg,2049,1537,Bottle cap,212,1,381,104
batch_1_000053.jpg,1537,2049,Bottle,398,410,1532,1408
batch_1_000053.jpg,1537,2049,Bottle cap,1336,410,1532,620
batch_1_000053.jpg,1537,2049,Plastic bag & wrapper,1,1,338,665
batch_1_000053.jpg,1537,2049,Plastic container,1,369,487,688
batch_1_000056.jpg,1537,2049,Bottle,419,8,1132,1862
batch_1_000058.jpg,1537,2049,Bottle,150,328,718,1632
batch_1_000058.jpg,1537,2049,Bottle,802,405,1349,1809
batch_1_000058.jpg,1537,2049,Bottle cap,971,405,1267,596
batch_1_000060.jpg,1537,2049,Can,750,244,1152,1711
batch_1_000060.jpg,1537,2049,Paper,1205,989,1537,1591
batch_1_000003.jpg,1537,2049,Cup,714,1093,948,1330
batch_1_000011.jpg,1537,2049,Can,522,1168,762,1290
batch_1_000032.jpg,1537,2049,Can,503,808,948,1165
batch_1_000032.jpg,1537,2049,Pop tab,510,953,588,1014
batch_1_000040.jpg,2049,1537,Can,285,402,757,1026
batch_1_000040.jpg,2049,1537,Can,1450,379,1964,991
batch_1_000040.jpg,2049,1537,Pop tab,504,451,676,547
batch_1_000040.jpg,2049,1537,Pop tab,1754,479,1938,563
batch_1_000043.jpg,2049,1537,Can,602,290,1467,1349
batch_1_000043.jpg,2049,1537,Pop tab,923,337,1150,614
batch_1_000049.jpg,1537,2049,Can,399,502,882,1243
batch_1_000049.jpg,1537,2049,Pop tab,451,572,609,645
batch_1_000054.jpg,1537,2049,Can,184,898,678,1752
batch_1_000054.jpg,1537,2049,Bottle,605,259,984,1455
batch_1_000054.jpg,1537,2049,Bottle,1051,202,1537,1280
batch_1_000054.jpg,1537,2049,Bottle cap,1263,202,1536,504
batch_1_000061.jpg,1537,2049,Can,274,723,937,1569
batch_1_000021.jpg,2049,1537,Bottle,852,638,1539,929
batch_1_000021.jpg,2049,1537,Plastic bag & wrapper,256,705,934,1122
batch_1_000022.jpg,2049,1537,Bottle,647,1033,1467,1409
batch_1_000022.jpg,2049,1537,Plastic bag & wrapper,313,1400,727,1535
batch_1_000023.jpg,1537,2049,Bottle,372,1441,665,1662
batch_1_000023.jpg,1537,2049,Can,1015,979,1205,1193
batch_1_000023.jpg,1537,2049,Can,904,1493,1072,1659
batch_1_000023.jpg,1537,2049,Can,683,1550,904,1653
batch_1_000023.jpg,1537,2049,Can,1043,792,1187,956
batch_1_000023.jpg,1537,2049,Pop tab,1162,1166,1180,1193
batch_1_000023.jpg,1537,2049,Bottle cap,371,1437,402,1486
batch_1_000024.jpg,1537,2049,Can,218,1457,491,1730
batch_1_000024.jpg,1537,2049,Can,634,860,861,1092
batch_1_000024.jpg,1537,2049,Bottle,463,1112,589,1274
batch_1_000027.jpg,1537,2049,Can,668,717,1123,1372
batch_1_000028.jpg,1537,2049,Plastic container,351,460,1261,1143
batch_1_000028.jpg,1537,2049,Cigarette,454,1437,490,1539
batch_1_000030.jpg,1537,2049,Can,604,1052,791,1372
batch_1_000031.jpg,1537,2049,Can,470,1040,883,1361
batch_1_000042.jpg,2049,1537,Can,664,619,903,889
batch_1_000042.jpg,2049,1537,Can,1179,662,1465,927
batch_1_000042.jpg,2049,1537,Pop tab,753,722,834,835
batch_1_000042.jpg,2049,1537,Pop tab,1318,677,1383,775
batch_1_000050.jpg,1537,2049,Can,642,854,1475,1658
batch_1_000050.jpg,1537,2049,Plastic bag & wrapper,124,735,516,1285
batch_1_000059.jpg,1537,2049,Can,656,705,975,1546
batch_1_000059.jpg,1537,2049,Paper,744,551,1536,1328
batch_1_000059.jpg,1537,2049,Paper,975,221,1536,547
batch_1_000059.jpg,1537,2049,Carton,1032,281,1060,427
batch_1_000000.jpg,1537,2049,Bottle,710,1225,863,1423
batch_1_000013.jpg,1537,2049,Bottle,811,1123,1010,1473
batch_1_000015.jpg,1537,2049,Plastic bag & wrapper,1346,1367,1537,1659
batch_1_000015.jpg,1537,2049,Plastic bag & wrapper,828,1058,1021,1245
batch_1_000016.jpg,1537,2049,Bottle,593,934,1025,1172
batch_1_000017.jpg,1537,2049,Bottle,713,530,904,903
batch_1_000025.jpg,1537,2049,Can,323,1055,810,1407
batch_1_000025.jpg,1537,2049,Pop tab,749,1289,774,1375
batch_1_000025.jpg,1537,2049,Paper,1426,1294,1536,1567
batch_1_000029.jpg,1537,2049,Can,652,874,1077,1563
batch_1_000035.jpg,1537,2049,Bottle,33,230,635,1546
batch_1_000035.jpg,1537,2049,Bottle,807,103,1517,1716
batch_1_000035.jpg,1537,2049,Cup,886,522,1200,954
batch_1_000037.jpg,2049,1537,Can,929,557,1308,1057
batch_1_000037.jpg,2049,1537,Can,494,531,866,1064
batch_1_000037.jpg,2049,1537,Can,709,271,1005,753
batch_1_000037.jpg,2049,1537,Pop tab,658,639,795,729
batch_1_000037.jpg,2049,1537,Pop tab,781,293,882,369
batch_1_000045.jpg,2049,1537,Can,564,1303,1086,1536
batch_1_000045.jpg,2049,1537,Can,1,452,437,956
batch_1_000045.jpg,2049,1537,Can,395,475,819,961
batch_1_000045.jpg,2049,1537,Can,804,465,1143,966
batch_1_000045.jpg,2049,1537,Can,1128,327,1624,975
batch_1_000045.jpg,2049,1537,Can,1583,315,2049,984
batch_1_000038.jpg,2049,1537,Can,238,686,639,1161
batch_1_000038.jpg,2049,1537,Can,802,410,1215,754
batch_1_000038.jpg,2049,1537,Can,1498,636,1903,1113
batch_1_000038.jpg,2049,1537,Pop tab,392,764,549,844
batch_1_000038.jpg,2049,1537,Pop tab,1134,570,1198,653
batch_1_000038.jpg,2049,1537,Pop tab,1719,752,1859,850
batch_1_000065.JPG,3264,2448,Lid,53,480,1094,1527
batch_1_000065.JPG,3264,2448,Lid,1414,1285,2013,1879
batch_1_000065.JPG,3264,2448,Carton,1824,475,2852,1210
batch_1_000065.JPG,3264,2448,Carton,1183,55,2189,1109
batch_1_000066.JPG,3264,2448,Carton,413,1120,1556,2042
batch_1_000067.JPG,2448,3264,Carton,31,194,1731,2301
batch_1_000068.JPG,2448,3264,Straw,898,1777,1668,1974
batch_1_000068.JPG,2448,3264,Cigarette,170,1508,256,1662
batch_1_000068.JPG,2448,3264,Cigarette,130,1348,208,1446
batch_1_000069.JPG,2448,3264,Can,1050,1654,1460,2007
batch_1_000070.JPG,2448,3264,Can,1038,1111,1293,1748
batch_1_000071.JPG,2448,3264,Carton,1024,1397,1580,1989
batch_1_000072.JPG,2448,3264,Plastic bag & wrapper,704,1301,1387,1892
batch_1_000072.JPG,2448,3264,Paper,1,1413,815,2443
batch_1_000072.JPG,2448,3264,Cigarette,968,2492,1106,2618
batch_1_000073.JPG,2448,3264,Can,940,837,1432,1548
batch_1_000074.JPG,2448,3264,Cup,1205,1905,1416,2176
batch_1_000074.JPG,2448,3264,Cigarette,1776,1222,1814,1232
batch_1_000076.JPG,2448,3264,Straw,603,1908,985,2267
batch_1_000076.JPG,2448,3264,Cigarette,548,1836,600,1888
batch_1_000076.JPG,2448,3264,Cigarette,368,1658,424,1716
batch_1_000076.JPG,2448,3264,Cigarette,302,1634,378,1714
batch_1_000076.JPG,2448,3264,Cigarette,54,1340,114,1402
batch_1_000076.JPG,2448,3264,Cigarette,1180,876,1254,946
batch_1_000076.JPG,2448,3264,Cigarette,1026,1004,1096,1074
batch_1_000078.JPG,2448,3264,Paper bag,421,1009,1783,2955
batch_1_000079.JPG,2448,3264,Paper bag,257,1089,1969,2870
batch_1_000081.JPG,2448,3264,Bottle,749,1972,1193,2256
batch_1_000081.JPG,2448,3264,Bottle cap,1135,1972,1192,2063
batch_1_000081.JPG,2448,3264,Cigarette,1388,2610,1452,2706
batch_1_000082.JPG,2448,3264,Plastic bag & wrapper,966,1399,1491,1884
batch_1_000083.JPG,2448,3264,Cup,942,950,1436,1454
batch_1_000083.JPG,2448,3264,Lid,1390,915,1668,1479
batch_1_000084.JPG,2448,3264,Cup,701,2191,1306,2750
batch_1_000084.JPG,2448,3264,Lid,1070,2180,1376,2606
batch_1_000084.JPG,2448,3264,Can,1090,411,1260,559
batch_1_000084.JPG,2448,3264,Can,1905,284,2051,435
batch_1_000085.JPG,2448,3264,Straw,871,1258,1712,1571
batch_1_000085.JPG,2448,3264,Broken glass,1562,1159,1631,1255
batch_1_000085.JPG,2448,3264,Broken glass,2355,1425,2429,1469
batch_1_000085.JPG,2448,3264,Cigarette,1338,1236,1412,1282
batch_1_000085.JPG,2448,3264,Cigarette,1536,1146,1654,1178
batch_1_000085.JPG,2448,3264,Cigarette,1590,1214,1714,1300
batch_1_000085.JPG,2448,3264,Cigarette,1676,1424,1710,1526
batch_1_000085.JPG,2448,3264,Cigarette,1710,1472,1814,1512
batch_1_000085.JPG,2448,3264,Cigarette,1854,1278,1882,1360
batch_1_000086.JPG,2448,3264,Plastic utensils,1246,1052,1653,1615
batch_1_000086.JPG,2448,3264,Cigarette,740,540,862,602
batch_1_000086.JPG,2448,3264,Cigarette,1396,1630,1520,1716
batch_1_000087.JPG,2448,3264,Paper bag,1018,1125,1376,1522
batch_1_000087.JPG,2448,3264,Cigarette,148,816,208,888
batch_1_000088.JPG,2448,3264,Can,311,1648,1176,2501
batch_1_000088.JPG,2448,3264,Glass jar,1633,1055,2357,2251
batch_1_000088.JPG,2448,3264,Lid,1833,1055,2352,1420
batch_1_000088.JPG,2448,3264,Paper,829,2,2025,1269
batch_1_000090.JPG,2448,3264,Can,608,439,1539,1631
batch_1_000090.JPG,2448,3264,Food waste,1118,1008,1504,1388
batch_1_000091.JPG,3264,2448,Squeezable tube,1,414,2190,2015
batch_1_000091.JPG,3264,2448,Bottle cap,2593,914,3175,1355
batch_1_000092.JPG,2448,3264,Carton,277,686,1410,1884
batch_1_000092.JPG,2448,3264,Plastic container,1533,926,2151,1582
batch_1_000092.JPG,2448,3264,Plastic bag & wrapper,1535,926,2149,1451
batch_1_000093.JPG,2448,3264,Plastic container,1278,1841,1880,2495
batch_1_000094.JPG,2448,3264,Plastic bag & wrapper,311,729,1818,2468
batch_1_000094.JPG,2448,3264,Food waste,665,936,1722,1959
batch_1_000095.JPG,2448,3264,Plastic bag & wrapper,620,1033,2369,3194
batch_1_000095.JPG,2448,3264,Shoe,959,583,1325,1104
batch_1_000095.JPG,2448,3264,Shoe,480,541,963,1273
batch_1_000096.JPG,2448,3264,Plastic bag & wrapper,597,1008,1815,2134
batch_1_000062.JPG,2448,3264,Can,870,673,1490,1059
batch_1_000062.JPG,2448,3264,Can,1447,829,2050,1490
batch_1_000062.JPG,2448,3264,Bottle,657,1036,1492,1397
batch_1_000062.JPG,2448,3264,Pop tab,1472,1384,1581,1428
batch_1_000062.JPG,2448,3264,Plastic bag & wrapper,1,2135,440,2880
batch_1_000062.JPG,2448,3264,Plastic bag & wrapper,1963,405,2044,452
batch_1_000062.JPG,2448,3264,Plastic bag & wrapper,524,1487,1402,2914
batch_1_000062.JPG,2448,3264,Plastic bag & wrapper,625,2233,1028,2694
batch_1_000062.JPG,2448,3264,Plastic bag & wrapper,1904,49,2084,197
batch_1_000062.JPG,2448,3264,Aluminium foil,2016,1783,2133,1870
batch_1_000062.JPG,2448,3264,Aluminium foil,1065,2681,1123,2798
batch_1_000062.JPG,2448,3264,Paper,1113,411,1218,591
batch_1_000062.JPG,2448,3264,Bottle cap,657,1217,737,1377
batch_1_000098.JPG,2448,3264,Bottle,571,985,1018,1799
batch_1_000098.JPG,2448,3264,Plastic bag & wrapper,1751,2342,1925,2432
batch_1_000098.JPG,2448,3264,Bottle cap,1998,1730,2083,1797
batch_1_000098.JPG,2448,3264,Bottle cap,797,985,893,1038
batch_1_000098.JPG,2448,3264,Pop tab,1913,2526,2038,2621
batch_1_000099.JPG,2448,3264,Plastic bag & wrapper,657,15,1210,598
batch_1_000099.JPG,2448,3264,Lid,850,1772,1274,2190
batch_1_000064.JPG,2448,3264,Cup,913,1077,1519,1668
batch_1_000100.JPG,2448,3264,Cup,930,615,1636,1324
batch_1_000101.JPG,2448,3264,Straw,1040,59,1950,2311
batch_1_000101.JPG,2448,3264,Cup,439,1055,1884,2428
batch_1_000102.JPG,2448,3264,Carton,812,1171,2016,1996
batch_1_000102.JPG,2448,3264,Carton,955,340,1995,1218
batch_1_000102.JPG,2448,3264,Carton,1824,720,2434,1538
batch_1_000102.JPG,2448,3264,Food waste,1177,1887,1229,1935
batch_1_000102.JPG,2448,3264,Food waste,1014,1875,1064,1921
batch_1_000102.JPG,2448,3264,Unlabeled litter,1097,222,1203,292
batch_1_000104.JPG,3264,2448,Blister pack,1958,128,2522,813
batch_1_000104.JPG,3264,2448,Battery,1322,425,1633,640
batch_1_000104.JPG,3264,2448,Can,734,1236,1926,2389
batch_1_000104.JPG,3264,2448,Bottle cap,2245,1878,2529,2148
batch_1_000104.JPG,3264,2448,Bottle cap,2493,1045,2753,1229
batch_1_000104.JPG,3264,2448,Squeezable tube,2493,1044,3182,2273
batch_1_000104.JPG,3264,2448,Squeezable tube,1545,1010,1920,1465
batch_1_000105.JPG,2448,3264,Plastic bag & wrapper,848,1113,1947,2531
batch_1_000106.JPG,2448,3264,Carton,1105,827,1861,1122
batch_1_000106.JPG,2448,3264,Carton,760,1661,1283,1856
batch_1_000106.JPG,2448,3264,Carton,951,2782,1250,3204
batch_1_000106.JPG,2448,3264,Bottle,1680,2500,1958,3182
batch_1_000106.JPG,2448,3264,Bottle,2030,2438,2447,3073
batch_1_000106.JPG,2448,3264,Bottle cap,2112,2439,2448,2668
batch_1_000107.JPG,2448,3264,Can,2039,1606,2399,2142
batch_1_000107.JPG,2448,3264,Plastic bag & wrapper,1909,544,2109,812
batch_1_000107.JPG,2448,3264,Plastic bag & wrapper,2061,501,2250,787
batch_1_000107.JPG,2448,3264,Plastic bag & wrapper,2153,413,2345,690
batch_1_000107.JPG,2448,3264,Pop tab,2223,2025,2324,2117
batch_1_000108.JPG,2448,3264,Rope & strings,821,1683,1504,2408
batch_1_000108.JPG,2448,3264,Cigarette,1296,1512,1380,1628
batch_1_000110.JPG,2448,3264,Plastic bag & wrapper,676,546,888,838
batch_1_000110.JPG,2448,3264,Can,779,2933,1019,3049
batch_1_000111.JPG,2448,3264,Can,844,2332,1101,2628
batch_1_000111.JPG,2448,3264,Can,434,1871,621,2152
batch_1_000111.JPG,2448,3264,Plastic container,839,1845,1080,2220
batch_1_000115.JPG,3264,2448,Carton,1523,1057,2087,1596
batch_1_000115.JPG,3264,2448,Bottle,361,520,1059,851
batch_1_000115.JPG,3264,2448,Bottle cap,993,520,1058,617
batch_1_000115.JPG,3264,2448,Can,2278,759,2735,972
batch_1_000115.JPG,3264,2448,Plastic container,2981,151,3264,445
batch_1_000115.JPG,3264,2448,Paper,2427,845,2840,1107
batch_1_000115.JPG,3264,2448,Unlabeled litter,2728,797,2859,881
batch_1_000115.JPG,3264,2448,Unlabeled litter,2803,116,2905,229
batch_1_000115.JPG,3264,2448,Cigarette,474,496,564,540
batch_1_000115.JPG,3264,2448,Cigarette,898,346,936,364
batch_1_000115.JPG,3264,2448,Cigarette,248,84,312,112
batch_1_000115.JPG,3264,2448,Cigarette,700,1560,758,1594
batch_1_000117.JPG,2448,3264,Cup,1555,799,1950,1301
batch_1_000117.JPG,2448,3264,Lid,1591,799,1947,1118
batch_1_000117.JPG,2448,3264,Unlabeled litter,2195,538,2265,606
batch_1_000117.JPG,2448,3264,Paper,2185,1042,2297,1310
batch_1_000118.JPG,2448,3264,Plastic bag & wrapper,831,1289,1179,1540
batch_1_000119.JPG,2448,3264,Food waste,922,1748,1414,2523
batch_1_000120.JPG,2448,3264,Plastic bag & wrapper,593,1208,1904,2064
batch_1_000120.JPG,2448,3264,Cigarette,1822,1026,1856,1070
batch_1_000121.JPG,2448,3264,Bottle cap,728,2087,920,2291
batch_1_000121.JPG,2448,3264,Bottle cap,1050,1243,1217,1362
batch_1_000122.JPG,2448,3264,Bottle cap,654,1783,780,1897
batch_1_000004.jpg,1241,751,Can,649,55,742,143
batch_1_000124.JPG,2448,3264,Styrofoam piece,489,124,2250,3249
batch_1_000124.JPG,2448,3264,Aluminium foil,808,2039,1417,2755
batch_1_000124.JPG,2448,3264,Aluminium foil,1318,2098,1691,2586
batch_1_000127.JPG,2448,3264,Can,1,1727,850,2944
batch_1_000127.JPG,2448,3264,Can,768,1254,1730,1929
batch_1_000127.JPG,2448,3264,Plastic bag & wrapper,1,702,877,2103
batch_1_000127.JPG,2448,3264,Plastic bag & wrapper,200,1601,2448,3264
batch_1_000127.JPG,2448,3264,Plastic bag & wrapper,1,1,2448,1097
batch_1_000127.JPG,2448,3264,Carton,661,97,2448,1309
batch_1_000127.JPG,2448,3264,Carton,1711,1285,2447,2243
batch_1_000127.JPG,2448,3264,Plastic container,1,158,1532,1314
batch_1_000127.JPG,2448,3264,Plastic container,634,71,1147,234
batch_1_000127.JPG,2448,3264,Paper,434,84,725,272
batch_1_000128.JPG,2448,3264,Carton,1,1,1528,1687
batch_1_000128.JPG,2448,3264,Carton,52,71,810,725
batch_1_000128.JPG,2448,3264,Carton,1,1093,1936,2849
batch_1_000128.JPG,2448,3264,Can,1102,861,1713,1200
batch_1_000128.JPG,2448,3264,Can,1505,401,2048,968
batch_1_000128.JPG,2448,3264,Can,1850,1007,2448,1538
batch_1_000128.JPG,2448,3264,Carton,1694,727,2296,1265
batch_1_000128.JPG,2448,3264,Pop tab,2294,1152,2448,1313
batch_1_000128.JPG,2448,3264,Bottle,954,1582,2446,2872
batch_1_000128.JPG,2448,3264,Bottle cap,953,2663,1126,2874
batch_1_000128.JPG,2448,3264,Plastic bag & wrapper,1,2601,868,3218
batch_1_000128.JPG,2448,3264,Aluminium foil,739,2488,1443,3058
batch_1_000128.JPG,2448,3264,Aluminium foil,1447,2388,2448,3264
batch_1_000129.JPG,2448,3264,Carton,1,1139,2394,3102
batch_1_000129.JPG,2448,3264,Can,618,1224,867,1466
batch_1_000129.JPG,2448,3264,Carton,984,901,1424,1534
batch_1_000129.JPG,2448,3264,Carton,1014,805,1461,1167
batch_1_000129.JPG,2448,3264,Carton,1196,549,1458,825
batch_1_000129.JPG,2448,3264,Carton,1479,772,2075,1100
batch_1_000129.JPG,2448,3264,Carton,335,641,955,1152
batch_10_000000.jpg,1824,4000,Bottle,1370,1291,1750,1441
batch_10_000001.jpg,4000,1824,Bottle,247,101,705,499
batch_10_000001.jpg,4000,1824,Bottle cap,247,427,324,497
batch_10_000001.jpg,4000,1824,Unlabeled litter,295,75,498,203
batch_10_000001.jpg,4000,1824,Unlabeled litter,869,718,1295,966
batch_10_000001.jpg,4000,1824,Unlabeled litter,851,751,1042,937
batch_10_000001.jpg,4000,1824,Squeezable tube,2231,836,2494,1042
batch_10_000001.jpg,4000,1824,Unlabeled litter,2437,873,2520,979
batch_10_000001.jpg,4000,1824,Bottle,2577,423,2745,562
batch_10_000001.jpg,4000,1824,Unlabeled litter,3007,874,3071,939
batch_10_000001.jpg,4000,1824,Unlabeled litter,2955,868,2987,880
batch_10_000001.jpg,4000,1824,Unlabeled litter,1354,1598,1410,1654
batch_10_000001.jpg,4000,1824,Unlabeled litter,1062,661,1119,720
batch_10_000001.jpg,4000,1824,Unlabeled litter,3297,455,3360,474
batch_10_000002.jpg,4000,1824,Unlabeled litter,643,551,759,602
batch_10_000002.jpg,4000,1824,Other plastic,257,1386,373,1414
batch_10_000002.jpg,4000,1824,Bottle,1224,994,1630,1194
batch_10_000002.jpg,4000,1824,Bottle cap,1224,1159,1257,1196
batch_10_000002.jpg,4000,1824,Unlabeled litter,1217,429,1356,488
batch_10_000002.jpg,4000,1824,Plastic bag & wrapper,7,689,109,771
batch_10_000003.jpg,4000,1824,Plastic bag & wrapper,1,239,99,323
batch_10_000003.jpg,4000,1824,Bottle,516,377,764,555
batch_10_000003.jpg,4000,1824,Bottle,665,313,910,504
batch_10_000003.jpg,4000,1824,Plastic bag & wrapper,488,340,626,428
batch_10_000003.jpg,4000,1824,Plastic bag & wrapper,399,156,477,226
batch_10_000003.jpg,4000,1824,Plastic bag & wrapper,749,607,815,676
batch_10_000003.jpg,4000,1824,Cup,1130,839,1230,940
batch_10_000003.jpg,4000,1824,Unlabeled litter,1619,751,1707,863
batch_10_000003.jpg,4000,1824,Plastic bag & wrapper,2104,355,2403,473
batch_10_000003.jpg,4000,1824,Plastic bag & wrapper,2042,585,2329,730
batch_10_000003.jpg,4000,1824,Plastic bag & wrapper,2902,234,3102,445
batch_10_000003.jpg,4000,1824,Unlabeled litter,1228,371,1397,520
batch_10_000003.jpg,4000,1824,Unlabeled litter,1323,585,1420,664
batch_10_000003.jpg,4000,1824,Unlabeled litter,211,203,408,311
batch_10_000004.jpg,1824,4000,Plastic bag & wrapper,549,2217,698,2401
batch_10_000004.jpg,1824,4000,Plastic bag & wrapper,959,2301,1446,2570
batch_10_000004.jpg,1824,4000,Unlabeled litter,1334,2600,1421,2675
batch_10_000004.jpg,1824,4000,Unlabeled litter,981,3636,1377,3826
batch_10_000004.jpg,1824,4000,Plastic bag & wrapper,1657,3383,1778,3472
batch_10_000004.jpg,1824,4000,Unlabeled litter,694,3091,781,3202
batch_10_000004.jpg,1824,4000,Unlabeled litter,1589,2445,1823,2683
batch_10_000004.jpg,1824,4000,Unlabeled litter,1778,3419,1820,3567
batch_10_000004.jpg,1824,4000,Unlabeled litter,1383,2242,1711,2353
batch_10_000004.jpg,1824,4000,Plastic bag & wrapper,1344,1858,1432,1933
batch_10_000004.jpg,1824,4000,Unlabeled litter,1655,2052,1747,2133
batch_10_000005.jpg,1824,4000,Plastic container,121,1122,195,1296
batch_10_000005.jpg,1824,4000,Plastic container,1001,1226,1272,1404
batch_10_000005.jpg,1824,4000,Plastic bag & wrapper,1089,1551,1529,2112
batch_10_000005.jpg,1824,4000,Bottle,1139,3035,1708,3257
batch_10_000005.jpg,1824,4000,Plastic bag & wrapper,405,3679,644,3916
batch_10_000005.jpg,1824,4000,Plastic bag & wrapper,2,3586,101,3829
batch_10_000005.jpg,1824,4000,Plastic bag & wrapper,256,2220,688,2803
batch_10_000005.jpg,1824,4000,Other plastic,544,750,681,930
batch_10_000005.jpg,1824,4000,Unlabeled litter,918,2546,989,2607
batch_10_000006.jpg,1824,4000,Plastic bag & wrapper,912,1235,1318,1879
batch_10_000006.jpg,1824,4000,Plastic bag & wrapper,1144,1472,1479,1863
batch_10_000006.jpg,1824,4000,Other plastic,1510,730,1634,907
batch_10_000006.jpg,1824,4000,Unlabeled litter,1757,2179,1819,2320
batch_10_000007.jpg,1824,4000,Plastic container,153,2621,384,2774
batch_10_000007.jpg,1824,4000,Unlabeled litter,2,146,174,210
batch_10_000008.jpg,1824,4000,Plastic bag & wrapper,404,1894,684,2488
batch_10_000008.jpg,1824,4000,Plastic bag & wrapper,509,894,732,1172
batch_10_000008.jpg,1824,4000,Plastic bag & wrapper,1003,1,1790,410
batch_10_000009.jpg,4000,1824,Plastic bag & wrapper,2257,789,2389,901
batch_10_000009.jpg,4000,1824,Unlabeled litter,3708,999,3995,1258
batch_10_000010.jpg,4000,1824,Unlabeled litter,333,1068,354,1111
batch_10_000010.jpg,4000,1824,Bottle,2859,1447,2939,1505
batch_10_000011.jpg,4000,1824,Bottle,827,90,984,516
batch_10_000011.jpg,4000,1824,Plastic bag & wrapper,837,352,1080,554
batch_10_000011.jpg,4000,1824,Bottle cap,1388,936,1539,1013
batch_10_000011.jpg,4000,1824,Bottle cap,1589,1071,1760,1163
batch_10_000011.jpg,4000,1824,Cup,1903,738,2196,1264
batch_10_000011.jpg,4000,1824,Cup,1937,500,2169,753
batch_10_000011.jpg,4000,1824,Bottle,2331,487,2548,1021
batch_10_000011.jpg,4000,1824,Cup,2360,426,2554,716
batch_10_000011.jpg,4000,1824,Bottle,2585,154,2797,876
batch_10_000011.jpg,4000,1824,Bottle,2691,567,2952,1187
batch_10_000011.jpg,4000,1824,Paper,1736,498,1966,823
batch_10_000011.jpg,4000,1824,Plastic bag & wrapper,1408,1,1777,470
batch_10_000011.jpg,4000,1824,Paper,2933,553,3098,665
batch_10_000011.jpg,4000,1824,Paper,2934,693,3193,794
batch_10_000012.jpg,1824,4000,Bottle,1430,2413,1621,2551
batch_10_000013.jpg,4000,1824,Bottle,2207,774,2387,835
batch_10_000013.jpg,4000,1824,Bottle,3440,1679,3574,1822
batch_10_000014.jpg,4000,1824,Bottle,2335,853,2544,921
batch_10_000014.jpg,4000,1824,Paper,2269,899,2344,978
batch_10_000014.jpg,4000,1824,Paper,2666,1086,2758,1131
batch_10_000015.jpg,1824,4000,Can,1189,1508,1233,1545
batch_10_000015.jpg,1824,4000,Can,1252,1523,1300,1549
batch_10_000015.jpg,1824,4000,Bottle,280,2546,409,2585
batch_10_000015.jpg,1824,4000,Bottle,420,2498,515,2593
batch_10_000015.jpg,1824,4000,Unlabeled litter,888,3115,980,3247
batch_10_000016.jpg,4000,1824,Plastic bag & wrapper,2515,1272,2757,1532
batch_10_000017.jpg,4000,1824,Unlabeled litter,2567,869,2637,1103
batch_10_000018.jpg,4000,1824,Aluminium foil,2422,1176,2618,1275
batch_10_000019.jpg,1824,4000,Paper,663,2432,851,2738
batch_10_000020.jpg,1824,4000,Plastic bag & wrapper,394,2220,516,2332
batch_10_000020.jpg,1824,4000,Cigarette,726,2346,778,2363
batch_10_000020.jpg,1824,4000,Cigarette,761,2506,791,2551
batch_10_000020.jpg,1824,4000,Cigarette,449,2372,472,2407
batch_10_000020.jpg,1824,4000,Cigarette,1037,2632,1104,2711
batch_10_000020.jpg,1824,4000,Cigarette,1016,2717,1052,2771
batch_10_000020.jpg,1824,4000,Cigarette,1090,2680,1152,2701
batch_10_000020.jpg,1824,4000,Cigarette,1213,3182,1248,3240
batch_10_000020.jpg,1824,4000,Cigarette,1378,3225,1408,3273
batch_10_000020.jpg,1824,4000,Cigarette,1230,2296,1290,2324
batch_10_000020.jpg,1824,4000,Cigarette,186,2176,241,2214
batch_10_000021.jpg,4000,1824,Bottle,2062,652,2156,895
batch_10_000021.jpg,4000,1824,Cigarette,2929,1257,2968,1296
batch_10_000021.jpg,4000,1824,Cigarette,3569,1200,3625,1231
batch_10_000021.jpg,4000,1824,Cigarette,1305,1666,1369,1688
batch_10_000021.jpg,4000,1824,Cigarette,1387,1225,1447,1244
batch_10_000021.jpg,4000,1824,Cigarette,621,1646,676,1669
batch_10_000021.jpg,4000,1824,Cigarette,3549,1144,3585,1186
batch_10_000022.jpg,1824,4000,Plastic bag & wrapper,729,1122,1175,1470
batch_10_000022.jpg,1824,4000,Cigarette,786,1979,864,2028
batch_10_000022.jpg,1824,4000,Cigarette,1669,2428,1708,2486
batch_10_000022.jpg,1824,4000,Plastic bag & wrapper,389,3755,571,3980
batch_10_000023.jpg,1824,4000,Bottle,583,1544,714,1597
batch_10_000024.jpg,1824,4000,Shoe,1294,1617,1533,1673
batch_10_000025.jpg,1824,4000,Can,1151,2356,1408,2547
batch_10_000026.jpg,4000,1824,Carton,1250,1299,1685,1749
batch_10_000026.jpg,4000,1824,Carton,1689,777,2138,1216
batch_10_000026.jpg,4000,1824,Plastic bag & wrapper,262,1,1915,1084
batch_10_000027.jpg,1824,4000,Carton,864,1569,972,1708
batch_10_000027.jpg,1824,4000,Straw,949,1697,960,1719
batch_10_000027.jpg,1824,4000,Cigarette,1597,1986,1650,2008
batch_10_000027.jpg,1824,4000,Other plastic,1352,1847,1417,1923
batch_10_000028.jpg,1824,4000,Other plastic,401,1843,488,1866
batch_10_000029.jpg,1824,4000,Bottle,540,1928,1143,2489
batch_10_000029.jpg,1824,4000,Scrap metal,1070,2713,1127,2818
batch_10_000029.jpg,1824,4000,Scrap metal,787,3020,849,3088
batch_10_000029.jpg,1824,4000,Scrap metal,916,3141,1000,3186
batch_10_000030.jpg,1824,4000,Carton,869,1605,1215,1796
batch_10_000031.jpg,1824,4000,Carton,631,1508,1823,2155
batch_10_000031.jpg,1824,4000,Cigarette,482,1872,523,1896
batch_10_000032.jpg,1824,4000,Plastic bag & wrapper,557,2351,650,2457
batch_10_000033.jpg,1824,4000,Straw,1014,1953,1082,2041
batch_10_000033.jpg,1824,4000,Unlabeled litter,511,3605,618,3659
batch_10_000033.jpg,1824,4000,Unlabeled litter,1471,2722,1545,2823
batch_10_000034.jpg,1824,4000,Paper,852,157,974,207
batch_10_000034.jpg,1824,4000,Can,819,1822,1020,1916
batch_10_000034.jpg,1824,4000,Cigarette,980,1949,996,1993
batch_10_000034.jpg,1824,4000,Cigarette,1182,1890,1226,1926
batch_10_000034.jpg,1824,4000,Cigarette,472,2267,496,2319
batch_10_000034.jpg,1824,4000,Cigarette,655,2452,710,2494
batch_10_000034.jpg,1824,4000,Cigarette,670,2474,707,2503
batch_10_000034.jpg,1824,4000,Cigarette,328,2886,421,2918
batch_10_000034.jpg,1824,4000,Cigarette,388,2822,427,2881
batch_10_000034.jpg,1824,4000,Cigarette,199,3131,240,3207
batch_10_000034.jpg,1824,4000,Cigarette,614,3771,695,3834
batch_10_000034.jpg,1824,4000,Cigarette,1233,3719,1290,3779
batch_10_000034.jpg,1824,4000,Cigarette,451,2269,473,2307
batch_10_000034.jpg,1824,4000,Cigarette,1034,1834,1063,1873
batch_10_000034.jpg,1824,4000,Cigarette,1137,1569,1157,1593
batch_10_000034.jpg,1824,4000,Unlabeled litter,1153,308,1179,321
batch_10_000034.jpg,1824,4000,Unlabeled litter,1686,3759,1761,3903
batch_10_000034.jpg,1824,4000,Unlabeled litter,933,3137,996,3250
batch_10_000034.jpg,1824,4000,Unlabeled litter,110,2876,187,2975
batch_10_000034.jpg,1824,4000,Unlabeled litter,373,2951,489,3021
batch_10_000034.jpg,1824,4000,Plastic bag & wrapper,19,3046,64,3091
batch_10_000035.jpg,1824,4000,Can,806,1933,992,2027
batch_10_000035.jpg,1824,4000,Pop tab,816,1969,855,1998
batch_10_000035.jpg,1824,4000,Paper,1007,1674,1104,1767
batch_10_000035.jpg,1824,4000,Cigarette,1108,1867,1171,1899
batch_10_000035.jpg,1824,4000,Cigarette,869,1930,913,1962
batch_10_000035.jpg,1824,4000,Cigarette,899,1933,928,1960
batch_10_000035.jpg,1824,4000,Cigarette,944,1927,977,1939
batch_10_000035.jpg,1824,4000,Cigarette,656,2130,697,2163
batch_10_000035.jpg,1824,4000,Cigarette,694,2014,714,2054
batch_10_000035.jpg,1824,4000,Paper,642,2033,709,2089
batch_10_000035.jpg,1824,4000,Paper,484,2025,553,2075
batch_10_000035.jpg,1824,4000,Cigarette,453,2191,479,2235
batch_10_000035.jpg,1824,4000,Cigarette,526,2174,563,2216
batch_10_000035.jpg,1824,4000,Cigarette,236,2428,273,2475
batch_10_000035.jpg,1824,4000,Cigarette,106,2547,131,2590
batch_10_000035.jpg,1824,4000,Cigarette,290,2245,346,2278
batch_10_000035.jpg,1824,4000,Plastic bag & wrapper,70,2225,333,2572
batch_10_000036.jpg,1824,4000,Carton,1276,1713,1464,1840
batch_10_000036.jpg,1824,4000,Cigarette,1281,2320,1295,2344
batch_10_000036.jpg,1824,4000,Cigarette,1324,2390,1338,2419
batch_10_000036.jpg,1824,4000,Cigarette,1357,2722,1390,2759
batch_10_000036.jpg,1824,4000,Cigarette,1451,3646,1538,3675
batch_10_000036.jpg,1824,4000,Cigarette,1410,3462,1432,3524
batch_10_000036.jpg,1824,4000,Cigarette,1426,3510,1456,3565
batch_10_000036.jpg,1824,4000,Cigarette,1440,3505,1467,3559
batch_10_000036.jpg,1824,4000,Cigarette,1419,3577,1452,3633
batch_10_000036.jpg,1824,4000,Cigarette,1461,3317,1510,3332
batch_10_000036.jpg,1824,4000,Cigarette,1449,3048,1478,3093
batch_10_000036.jpg,1824,4000,Cigarette,1435,3115,1475,3155
batch_10_000036.jpg,1824,4000,Cigarette,1386,2630,1426,2657
batch_10_000036.jpg,1824,4000,Unlabeled litter,1171,559,1197,575
batch_10_000036.jpg,1824,4000,Unlabeled litter,1405,2653,1490,2723
batch_10_000037.jpg,4000,1824,Carton,683,88,766,138
batch_10_000037.jpg,4000,1824,Carton,2252,1043,2346,1184
batch_10_000037.jpg,4000,1824,Cigarette,968,274,981,297
batch_10_000037.jpg,4000,1824,Cigarette,2206,1089,2219,1109
batch_10_000037.jpg,4000,1824,Cigarette,3032,1734,3080,1778
batch_10_000038.jpg,1824,4000,Paper,1,2093,188,2346
batch_10_000038.jpg,1824,4000,Paper,1,1522,453,2138
batch_10_000038.jpg,1824,4000,Carton,930,1651,1220,1981
batch_10_000038.jpg,1824,4000,Unlabeled litter,795,2756,926,2951
batch_10_000039.jpg,1824,4000,Bottle cap,1032,1712,1159,1829
batch_10_000040.jpg,4000,1824,Unlabeled litter,1707,942,1769,1015
batch_10_000040.jpg,4000,1824,Plastic bag & wrapper,1297,616,1552,893
batch_10_000041.jpg,1824,4000,Cigarette,1629,1581,1659,1625
batch_10_000041.jpg,1824,4000,Plastic bag & wrapper,1242,2350,1606,2784
batch_10_000041.jpg,1824,4000,Plastic bag & wrapper,703,2790,872,2946
batch_10_000041.jpg,1824,4000,Plastic bag & wrapper,1447,1792,1598,1968
batch_10_000041.jpg,1824,4000,Plastic bag & wrapper,1235,1858,1528,2048
batch_10_000042.jpg,1824,4000,Plastic bag & wrapper,745,1450,1295,2265
batch_10_000042.jpg,1824,4000,Plastic bag & wrapper,1696,2654,1802,2733
batch_10_000042.jpg,1824,4000,Plastic bag & wrapper,1450,2536,1570,2626
batch_10_000043.jpg,1824,4000,Cigarette,544,315,602,335
batch_10_000043.jpg,1824,4000,Cigarette,1021,253,1049,340
batch_10_000043.jpg,1824,4000,Cigarette,1363,447,1392,523
batch_10_000043.jpg,1824,4000,Plastic bag & wrapper,1391,525,1447,552
batch_10_000043.jpg,1824,4000,Plastic bag & wrapper,725,1735,844,1877
batch_10_000043.jpg,1824,4000,Plastic bag & wrapper,382,2733,628,3010
batch_10_000043.jpg,1824,4000,Plastic bag & wrapper,1341,3659,1487,3821
batch_10_000044.jpg,1824,4000,Straw,568,1640,816,1729
batch_10_000045.jpg,1824,4000,Bottle cap,1257,2007,1290,2035
batch_10_000046.jpg,1824,4000,Carton,750,860,943,1007
batch_10_000047.jpg,1824,4000,Bottle,736,1829,899,1975
batch_10_000047.jpg,1824,4000,Unlabeled litter,554,1441,614,1475
batch_10_000047.jpg,1824,4000,Unlabeled litter,457,1585,511,1608
batch_10_000047.jpg,1824,4000,Unlabeled litter,1524,454,1546,475
batch_10_000047.jpg,1824,4000,Unlabeled litter,1252,883,1317,910
batch_10_000048.jpg,1824,4000,Unlabeled litter,146,1714,248,1827
batch_10_000048.jpg,1824,4000,Broken glass,1176,1912,1334,2031
batch_10_000048.jpg,1824,4000,Broken glass,1109,2046,1175,2082
batch_10_000048.jpg,1824,4000,Plastic bag & wrapper,707,1541,1052,1698
batch_10_000048.jpg,1824,4000,Plastic bag & wrapper,1304,1500,1372,1597
batch_10_000049.jpg,1824,4000,Plastic bag & wrapper,955,1790,1038,1873
batch_10_000049.jpg,1824,4000,Unlabeled litter,1309,1455,1327,1522
batch_10_000050.jpg,4000,1824,Plastic bag & wrapper,3544,1,3786,169
batch_10_000050.jpg,4000,1824,Unlabeled litter,3389,230,3445,280
batch_10_000050.jpg,4000,1824,Unlabeled litter,3114,748,3250,826
batch_10_000050.jpg,4000,1824,Unlabeled litter,1666,722,2073,1115
batch_10_000050.jpg,4000,1824,Plastic bag & wrapper,1806,644,1867,671
batch_10_000050.jpg,4000,1824,Plastic bag & wrapper,1455,718,1598,888
batch_10_000050.jpg,4000,1824,Unlabeled litter,939,947,1355,1432
batch_10_000050.jpg,4000,1824,Unlabeled litter,1967,1167,2043,1217
batch_10_000050.jpg,4000,1824,Plastic bag & wrapper,2102,1213,2153,1269
batch_10_000050.jpg,4000,1824,Plastic bag & wrapper,3628,1610,3995,1763
batch_10_000051.jpg,4000,1824,Styrofoam piece,1456,1023,1762,1215
batch_10_000052.jpg,4000,1824,Unlabeled litter,1485,773,1642,874
batch_10_000053.jpg,4000,1824,Plastic bag & wrapper,690,716,962,1020
batch_10_000054.jpg,1824,4000,Plastic bag & wrapper,1075,2537,1232,2630
batch_10_000054.jpg,1824,4000,Cigarette,331,824,348,849
batch_10_000055.jpg,4000,1824,Plastic bag & wrapper,1324,959,1620,1275
batch_10_000056.jpg,4000,1824,Plastic bag & wrapper,1978,615,2115,783
batch_10_000057.jpg,1824,4000,Plastic bag & wrapper,846,2573,1427,3082
batch_10_000057.jpg,1824,4000,Other plastic,73,2633,137,2708
batch_10_000058.jpg,1824,4000,Plastic bag & wrapper,1202,1806,1540,2119
batch_10_000059.jpg,1824,4000,Plastic bag & wrapper,1328,2235,1535,2502
batch_10_000059.jpg,1824,4000,Other plastic,1022,3354,1078,3499
batch_10_000060.jpg,1824,4000,Plastic bag & wrapper,1309,1516,1444,1654
batch_10_000061.jpg,4000,1824,Aluminium foil,1947,1256,2262,1398
batch_10_000062.jpg,4000,1824,Plastic bag & wrapper,1367,236,1582,485
batch_10_000062.jpg,4000,1824,Unlabeled litter,1366,547,1484,605
batch_10_000062.jpg,4000,1824,Plastic bag & wrapper,2286,363,2517,592
batch_10_000063.jpg,4000,1824,Plastic bag & wrapper,1373,834,1776,1012
batch_10_000063.jpg,4000,1824,Plastic bag & wrapper,1772,646,2046,1034
batch_10_000064.jpg,4000,1824,Cigarette,1152,801,1271,886
batch_10_000065.jpg,1824,4000,Plastic bag & wrapper,782,1680,1280,1806
batch_10_000066.jpg,4000,1824,Plastic bag & wrapper,2109,701,2599,1020
batch_10_000067.jpg,4000,1824,Plastic bag & wrapper,2350,416,2524,556
batch_10_000068.jpg,1824,4000,Plastic bag & wrapper,700,1524,953,1746
batch_10_000069.jpg,4000,1824,Rope & strings,675,867,821,992
batch_10_000070.jpg,4000,1824,Unlabeled litter,991,629,1101,710
batch_10_000070.jpg,4000,1824,Rope & strings,1515,366,1755,634
batch_10_000071.jpg,1824,4000,Other plastic,418,1362,726,1412
batch_10_000071.jpg,1824,4000,Unlabeled litter,1646,1306,1682,1331
batch_10_000072.jpg,4000,1824,Other plastic,1643,338,1762,411
batch_10_000072.jpg,4000,1824,Rope & strings,1170,1015,1316,1096
batch_10_000073.jpg,4000,1824,Plastic bag & wrapper,2313,1038,2563,1148
batch_10_000074.jpg,1824,4000,Other plastic,1281,1393,1469,1648
batch_10_000075.jpg,1824,4000,Bottle,913,1658,961,1720
batch_10_000075.jpg,1824,4000,Bottle,941,1678,982,1721
batch_10_000075.jpg,1824,4000,Cigarette,1,3464,72,3495
batch_10_000076.jpg,1824,4000,Plastic bag & wrapper,1373,2844,1503,2937
batch_10_000076.jpg,1824,4000,Cigarette,671,3937,719,3995
batch_10_000076.jpg,1824,4000,Unlabeled litter,476,1694,497,1742
batch_10_000076.jpg,1824,4000,Unlabeled litter,670,1780,692,1791
batch_10_000077.jpg,1824,4000,Cigarette,364,586,412,647
batch_10_000077.jpg,1824,4000,Plastic bag & wrapper,1092,2473,1326,2617
batch_10_000078.jpg,1824,4000,Other plastic,956,2361,1143,2497
batch_10_000079.jpg,4000,1824,Unlabeled litter,795,340,1000,520
batch_10_000079.jpg,4000,1824,Unlabeled litter,2500,484,2633,634
batch_10_000080.jpg,1824,4000,Straw,1054,1648,1231,1723
batch_10_000081.jpg,4000,1824,Bottle,1807,673,2148,836
batch_10_000081.jpg,4000,1824,Unlabeled litter,2181,665,2248,698
batch_10_000081.jpg,4000,1824,Cigarette,2220,162,2264,189
batch_10_000081.jpg,4000,1824,Cigarette,1202,409,1247,426
batch_10_000082.jpg,4000,1824,Other plastic,1890,734,2046,983
batch_10_000083.jpg,1824,4000,Carton,1011,1993,1210,2117
batch_10_000083.jpg,1824,4000,Cigarette,271,2063,313,2082
batch_10_000083.jpg,1824,4000,Cigarette,452,2133,488,2159
batch_10_000083.jpg,1824,4000,Cigarette,1641,2713,1694,2742
batch_10_000083.jpg,1824,4000,Cigarette,341,2070,375,2088
batch_10_000084.jpg,1824,4000,Plastic bag & wrapper,501,1263,1779,1879
batch_10_000084.jpg,1824,4000,Other plastic,632,1597,1026,1914
batch_10_000084.jpg,1824,4000,Unlabeled litter,1058,1923,1098,1966
batch_10_000084.jpg,1824,4000,Plastic bag & wrapper,1318,1316,1531,1459
batch_10_000084.jpg,1824,4000,Unlabeled litter,1330,3145,1377,3213
batch_10_000085.jpg,1824,4000,Lid,466,1572,562,1652
batch_10_000085.jpg,1824,4000,Lid,207,1834,315,1943
batch_10_000085.jpg,1824,4000,Plastic bag & wrapper,519,1326,799,1486
batch_10_000085.jpg,1824,4000,Plastic bag & wrapper,789,1525,892,1638
batch_10_000085.jpg,1824,4000,Unlabeled litter,1586,1683,1646,1736
batch_10_000085.jpg,1824,4000,Broken glass,1530,2033,1575,2103
batch_10_000085.jpg,1824,4000,Lid,1658,2116,1772,2223
batch_10_000085.jpg,1824,4000,Bottle cap,1789,2044,1821,2110
batch_10_000085.jpg,1824,4000,Carton,1038,1407,1792,1843
batch_10_000086.jpg,1824,4000,Lid,899,1941,1079,2120
batch_10_000086.jpg,1824,4000,Plastic bag & wrapper,815,1698,1190,1964
batch_10_000086.jpg,1824,4000,Bottle,1246,2174,1444,2485
batch_10_000086.jpg,1824,4000,Cigarette,1358,2268,1413,2301
batch_10_000086.jpg,1824,4000,Cigarette,957,990,1015,1030
batch_10_000086.jpg,1824,4000,Unlabeled litter,575,855,600,883
batch_10_000086.jpg,1824,4000,Cigarette,467,1564,505,1610
batch_10_000087.jpg,1824,4000,Bottle,342,836,680,995
batch_10_000087.jpg,1824,4000,Cigarette,1113,1046,1138,1057
batch_10_000087.jpg,1824,4000,Cigarette,1017,1360,1047,1371
batch_10_000088.jpg,1824,4000,Paper,1119,1640,1339,1884
batch_10_000088.jpg,1824,4000,Carton,989,1556,1422,1943
batch_10_000089.jpg,1824,4000,Cup,1202,1988,1349,2155
batch_10_000089.jpg,1824,4000,Cup,1205,1702,1342,1820
batch_10_000089.jpg,1824,4000,Unlabeled litter,1036,1615,1092,1656
batch_10_000089.jpg,1824,4000,Unlabeled litter,810,1751,944,1846
batch_10_000089.jpg,1824,4000,Rope & strings,1771,3164,1823,3275
batch_10_000090.jpg,1824,4000,Plastic bag & wrapper,1143,1904,1317,2016
batch_10_000090.jpg,1824,4000,Unlabeled litter,1483,1994,1581,2050
batch_10_000090.jpg,1824,4000,Unlabeled litter,936,2456,1012,2507
batch_10_000090.jpg,1824,4000,Unlabeled litter,1740,3332,1822,3518
batch_10_000090.jpg,1824,4000,Unlabeled litter,1720,3479,1813,3515
batch_10_000091.jpg,4000,1824,Bottle,2214,1255,2643,1499
batch_10_000091.jpg,4000,1824,Paper,979,1392,1117,1513
batch_10_000091.jpg,4000,1824,Unlabeled litter,3098,1683,3160,1767
batch_10_000091.jpg,4000,1824,Plastic bag & wrapper,2480,1757,2584,1818
batch_10_000092.jpg,1824,4000,Plastic bag & wrapper,1030,2043,1212,2136
batch_10_000092.jpg,1824,4000,Unlabeled litter,616,2315,710,2370
batch_10_000093.jpg,4000,1824,Bottle,1,1390,142,1497
batch_10_000093.jpg,4000,1824,Plastic bag & wrapper,983,1369,1255,1486
batch_10_000093.jpg,4000,1824,Unlabeled litter,1152,1712,1350,1823
batch_10_000093.jpg,4000,1824,Unlabeled litter,623,1399,663,1518
batch_10_000093.jpg,4000,1824,Unlabeled litter,2236,1662,2347,1756
batch_10_000093.jpg,4000,1824,Bottle,2588,1543,2731,1822
batch_10_000093.jpg,4000,1824,Unlabeled litter,2868,395,2941,467
batch_10_000093.jpg,4000,1824,Unlabeled litter,1626,1079,1704,1181
batch_10_000093.jpg,4000,1824,Unlabeled litter,2687,1411,2797,1462
batch_10_000093.jpg,4000,1824,Unlabeled litter,61,1221,241,1280
batch_10_000093.jpg,4000,1824,Cigarette,3045,1329,3083,1364
batch_10_000093.jpg,4000,1824,Unlabeled litter,3280,1147,3375,1230
batch_10_000093.jpg,4000,1824,Plastic bag & wrapper,2128,1295,2296,1393
batch_10_000093.jpg,4000,1824,Unlabeled litter,2733,1456,2809,1527
batch_10_000094.jpg,1824,4000,Cup,441,2099,560,2205
batch_10_000094.jpg,1824,4000,Bottle cap,672,2428,706,2456
batch_10_000094.jpg,1824,4000,Blister pack,1500,3783,1751,3999
batch_10_000094.jpg,1824,4000,Unlabeled litter,795,2222,871,2367
batch_10_000094.jpg,1824,4000,Unlabeled litter,1436,3667,1534,3824
batch_10_000094.jpg,1824,4000,Unlabeled litter,963,3256,1109,3319
batch_10_000095.jpg,1824,4000,Cigarette,1277,671,1337,723
batch_10_000095.jpg,1824,4000,Aluminium foil,817,2491,995,2549
batch_10_000096.jpg,3000,4000,Cup,1084,1600,1317,1790
batch_10_000096.jpg,3000,4000,Cigarette,1355,1663,1420,1690
batch_10_000096.jpg,3000,4000,Broken glass,1925,3925,1990,3990
batch_10_000096.jpg,3000,4000,Cigarette,2231,2438,2289,2473
batch_10_000096.jpg,3000,4000,Unlabeled litter,377,1258,551,1367
batch_10_000096.jpg,3000,4000,Unlabeled litter,859,1604,942,1670
batch_10_000097.jpg,1824,4000,Bottle,800,2520,1196,2671
batch_10_000097.jpg,1824,4000,Bottle cap,1176,2532,1196,2593
batch_10_000098.jpg,1824,4000,Styrofoam piece,564,1500,1577,2836
batch_10_000098.jpg,1824,4000,Carton,527,1479,1486,2811
batch_10_000098.jpg,1824,4000,Carton,1398,2331,1498,2450
batch_10_000099.jpg,1824,4000,Plastic bag & wrapper,784,2015,1266,2400
batch_13_000000.jpg,4160,3120,Unlabeled litter,1613,1156,2989,2119
batch_13_000001.jpg,3120,4160,Plastic utensils,1546,1101,1928,2692
batch_13_000002.jpg,4160,3120,Paper,1962,355,3835,2495
batch_13_000003.jpg,3120,4160,Plastic bag & wrapper,480,3031,2103,4038
batch_13_000003.jpg,3120,4160,Unlabeled litter,1504,609,1821,811
batch_13_000003.jpg,3120,4160,Carton,1708,779,2096,1033
batch_13_000003.jpg,3120,4160,Unlabeled litter,1725,1977,1973,2207
batch_13_000004.jpg,3120,4160,Cup,725,1850,1795,2744
batch_13_000004.jpg,3120,4160,Straw,1655,1924,2391,2252
batch_13_000004.jpg,3120,4160,Plastic bag & wrapper,1669,2518,2025,2764
batch_13_000005.jpg,3120,4160,Plastic bag & wrapper,752,1,1548,1362
batch_13_000005.jpg,3120,4160,Plastic bag & wrapper,2688,2796,3117,3290
batch_13_000005.jpg,3120,4160,Carton,1724,2157,2061,2667
batch_13_000005.jpg,3120,4160,Carton,838,2457,1022,2535
batch_13_000005.jpg,3120,4160,Plastic bag & wrapper,443,3106,1260,3991
batch_13_000006.jpg,3120,4160,Plastic bag & wrapper,1943,1892,2238,2044
batch_13_000007.jpg,4160,3120,Straw,614,917,1654,2256
batch_13_000007.jpg,4160,3120,Cigarette,3013,994,3239,1144
batch_13_000008.jpg,4160,3120,Cup,800,576,2728,2484
batch_13_000008.jpg,4160,3120,Lid,1916,1259,2730,2470
batch_13_000008.jpg,4160,3120,Straw,2009,1694,2844,2589
batch_13_000008.jpg,4160,3120,Plastic bag & wrapper,1290,850,2533,2691
batch_13_000009.jpg,4160,3120,Plastic bag & wrapper,1970,59,2565,590
batch_13_000009.jpg,4160,3120,Plastic bag & wrapper,3336,2,3682,151
batch_13_000009.jpg,4160,3120,Plastic bag & wrapper,2681,789,2950,944
batch_13_000009.jpg,4160,3120,Carton,3219,1776,3879,2296
batch_13_000009.jpg,4160,3120,Bottle,118,1580,504,2683
batch_13_000009.jpg,4160,3120,Bottle cap,243,2589,420,2683
batch_13_000010.jpg,4160,3120,Cup,168,7,2465,1756
batch_13_000010.jpg,4160,3120,Lid,1915,9,2466,1756
batch_13_000010.jpg,4160,3120,Straw,1475,689,3620,1449
batch_13_000010.jpg,4160,3120,Cigarette,3815,1112,4063,1377
batch_13_000011.jpg,4160,3120,Plastic bag & wrapper,1435,1622,1577,1650
batch_13_000012.jpg,4160,3120,Bottle cap,1926,1307,2673,2071
batch_13_000013.jpg,4208,2368,Plastic bag & wrapper,2633,432,3362,1127
batch_13_000013.jpg,4208,2368,Bottle,1183,1034,1696,1703
batch_13_000013.jpg,4208,2368,Straw,1163,947,1237,1049
batch_13_000013.jpg,4208,2368,Carton,1792,1232,2668,1691
batch_13_000013.jpg,4208,2368,Unlabeled litter,2225,1149,2515,1284
batch_13_000013.jpg,4208,2368,Unlabeled litter,2373,612,2997,1263
batch_13_000013.jpg,4208,2368,Unlabeled litter,948,1912,1924,2365
batch_13_000014.jpg,2368,4208,Cup,1175,2111,1760,2714
batch_13_000014.jpg,2368,4208,Unlabeled litter,909,1,1379,308
batch_13_000014.jpg,2368,4208,Unlabeled litter,1326,1,1515,57
batch_13_000014.jpg,2368,4208,Plastic bag & wrapper,1391,1053,1527,1195
batch_13_000014.jpg,2368,4208,Unlabeled litter,2180,3733,2360,3935
batch_13_000014.jpg,2368,4208,Other plastic,617,3902,890,4206
batch_13_000014.jpg,2368,4208,Unlabeled litter,1932,1951,2040,2028
batch_13_000015.jpg,3120,4160,Straw,1,1199,841,2579
batch_13_000015.jpg,3120,4160,Plastic utensils,1088,1782,1203,2457
batch_13_000015.jpg,3120,4160,Cup,494,1962,1761,3536
batch_13_000015.jpg,3120,4160,Plastic bag & wrapper,1023,1392,1168,1475
batch_13_000015.jpg,3120,4160,Carton,139,2187,509,2491
batch_13_000016.jpg,3120,4160,Carton,1498,430,2380,1847
batch_13_000016.jpg,3120,4160,Straw,1528,1740,1595,1843
batch_13_000016.jpg,3120,4160,Straw,212,3153,1842,4153
batch_13_000017.jpg,3120,4160,Cup,1112,1532,2259,3211
batch_13_000018.jpg,3120,4160,Plastic bag & wrapper,731,1316,2111,3200
batch_13_000019.jpg,3120,4160,Straw,1167,802,2480,1498
batch_13_000019.jpg,3120,4160,Other plastic,2718,1893,3075,2249
batch_13_000019.jpg,3120,4160,Carton,205,2726,1453,3484
batch_13_000019.jpg,3120,4160,Straw,345,3061,1118,3478
batch_13_000019.jpg,3120,4160,Plastic bag & wrapper,321,3007,1220,3508
batch_13_000019.jpg,3120,4160,Straw,1168,1686,2116,2756
batch_13_000019.jpg,3120,4160,Plastic bag & wrapper,359,1566,1727,2294
batch_13_000019.jpg,3120,4160,Plastic bag & wrapper,102,1306,530,1558
batch_13_000020.jpg,4208,2368,Straw,1466,998,3088,1162
batch_13_000020.jpg,4208,2368,Plastic bag & wrapper,1838,1528,2005,1726
batch_13_000020.jpg,4208,2368,Plastic bag & wrapper,2100,1388,2175,1470
batch_13_000021.jpg,4208,2368,Straw,1443,1157,3211,1464
batch_13_000022.jpg,4160,3120,Straw,1652,1762,2564,2265
batch_13_000022.jpg,4160,3120,Straw,2336,938,3044,1376
batch_13_000022.jpg,4160,3120,Straw,1776,831,1869,880
batch_13_000022.jpg,4160,3120,Cup,516,781,1173,1743
batch_13_000022.jpg,4160,3120,Plastic bag & wrapper,882,378,3853,2015
batch_13_000022.jpg,4160,3120,Lid,2425,1899,2833,2391
batch_13_000022.jpg,4160,3120,Other plastic,869,2890,1473,3117
batch_13_000022.jpg,4160,3120,Other plastic,2492,2658,3106,3115
batch_13_000023.jpg,4208,2368,Plastic bag & wrapper,2338,694,2996,1557
batch_13_000024.jpg,4160,3120,Plastic bag & wrapper,1634,1118,2594,2203
batch_13_000025.jpg,3120,4160,Straw,1482,933,1893,1058
batch_13_000025.jpg,3120,4160,Straw,1267,484,1658,519
batch_13_000025.jpg,3120,4160,Straw,1158,235,1330,847
batch_13_000025.jpg,3120,4160,Straw,2228,1922,2375,2614
batch_13_000025.jpg,3120,4160,Straw,1078,1337,1290,1855
batch_13_000025.jpg,3120,4160,Straw,405,918,624,1380
batch_13_000025.jpg,3120,4160,Straw,1160,3125,1527,3258
batch_13_000025.jpg,3120,4160,Straw,1224,2175,1450,2590
batch_13_000025.jpg,3120,4160,Straw,646,1006,673,1256
batch_13_000025.jpg,3120,4160,Straw,466,1998,648,2193
batch_13_000025.jpg,3120,4160,Straw,157,2616,456,2754
batch_13_000025.jpg,3120,4160,Straw,1123,2135,1368,2232
batch_13_000025.jpg,3120,4160,Straw,1103,3192,1125,3450
batch_13_000025.jpg,3120,4160,Straw,1102,2729,1125,2803
batch_13_000025.jpg,3120,4160,Straw,830,3310,1130,3654
batch_13_000025.jpg,3120,4160,Straw,1181,3364,1301,3616
batch_13_000025.jpg,3120,4160,Straw,39,2544,293,2775
batch_13_000025.jpg,3120,4160,Straw,333,2414,467,2448
batch_13_000025.jpg,3120,4160,Straw,80,2669,367,2724
batch_13_000025.jpg,3120,4160,Straw,398,2712,447,2735
batch_13_000025.jpg,3120,4160,Straw,1235,2344,1282,2464
batch_13_000025.jpg,3120,4160,Straw,581,1182,620,1268
batch_13_000025.jpg,3120,4160,Straw,979,1816,1167,1835
batch_13_000025.jpg,3120,4160,Straw,396,3157,435,3232
batch_13_000025.jpg,3120,4160,Plastic bag & wrapper,602,818,741,1168
batch_13_000025.jpg,3120,4160,Plastic bag & wrapper,645,1754,860,2122
batch_13_000025.jpg,3120,4160,Carton,595,1557,765,1836
batch_13_000025.jpg,3120,4160,Plastic bag & wrapper,692,1190,747,1269
batch_13_000025.jpg,3120,4160,Plastic bag & wrapper,1062,1133,1159,1527
batch_13_000025.jpg,3120,4160,Plastic bag & wrapper,426,4004,538,4159
batch_13_000025.jpg,3120,4160,Unlabeled litter,569,4036,618,4093
batch_13_000025.jpg,3120,4160,Plastic bag & wrapper,939,2091,1183,2208
batch_13_000025.jpg,3120,4160,Plastic bag & wrapper,586,1586,767,1862
batch_13_000025.jpg,3120,4160,Plastic bag & wrapper,317,3058,461,3128
batch_13_000025.jpg,3120,4160,Cigarette,2112,1645,2171,1731
batch_13_000025.jpg,3120,4160,Other plastic,2282,2506,2345,2557
batch_13_000025.jpg,3120,4160,Unlabeled litter,2282,1845,2591,2103
batch_13_000026.jpg,3120,4160,Can,975,3443,1347,4045
batch_13_000026.jpg,3120,4160,Bottle cap,1048,979,1195,1078
batch_13_000026.jpg,3120,4160,Bottle,1196,3,1799,575
batch_13_000027.jpg,3120,4160,Can,398,1433,2480,2840
batch_13_000027.jpg,3120,4160,Pop tab,394,2237,638,2488
batch_13_000028.jpg,3120,4160,Bottle cap,317,3052,756,3469
batch_13_000028.jpg,3120,4160,Bottle,1400,829,2293,3603
batch_13_000029.jpg,3120,4160,Styrofoam piece,302,2140,3091,3295
batch_13_000030.jpg,3120,4160,Rope & strings,559,1871,2593,3262
batch_13_000031.jpg,3120,4160,Plastic bag & wrapper,935,1070,1873,1704
batch_13_000031.jpg,3120,4160,Other plastic,1171,2252,2410,3534
batch_13_000031.jpg,3120,4160,Plastic bag & wrapper,534,1063,1143,1427
batch_13_000032.jpg,3120,4160,Lid,595,2205,1900,3328
batch_13_000033.jpg,3120,4160,Aluminium foil,392,1314,2254,2979
batch_13_000034.jpg,3120,4160,Bottle,864,1320,1963,2318
batch_13_000034.jpg,3120,4160,Bottle,1084,3356,1941,4159
batch_13_000035.jpg,4160,3120,Plastic bag & wrapper,1237,525,3446,1756
batch_13_000035.jpg,4160,3120,Other plastic,1830,1555,2958,2256
batch_13_000036.jpg,4160,3120,Bottle cap,1011,1985,1193,2155
batch_13_000036.jpg,4160,3120,Bottle,2781,1425,3041,1984
batch_13_000036.jpg,4160,3120,Bottle cap,2917,2489,3056,2639
batch_13_000037.jpg,3120,4160,Can,1226,1623,1796,3141
batch_13_000038.jpg,3120,4160,Plastic bag & wrapper,955,1402,1978,3502
batch_13_000039.jpg,3120,4160,Bottle,974,1801,1527,3335
batch_13_000039.jpg,3120,4160,Bottle cap,1054,1799,1254,1892
batch_13_000040.jpg,3120,4160,Plastic bag & wrapper,821,1428,2340,3774
batch_13_000041.jpg,3120,4160,Straw,1190,863,1540,2952
batch_13_000041.jpg,3120,4160,Plastic bag & wrapper,870,1238,1849,3354
batch_13_000042.jpg,3120,4160,Bottle,972,1138,1865,3385
batch_13_000043.jpg,3120,4160,Bottle,1199,657,2019,2432
batch_13_000043.jpg,3120,4160,Bottle cap,1221,658,1655,1051
batch_13_000044.jpg,4160,3120,Plastic utensils,299,1450,1222,2257
batch_13_000044.jpg,4160,3120,Plastic bag & wrapper,3533,1438,3950,1897
batch_13_000044.jpg,4160,3120,Unlabeled litter,2850,2472,2940,2622
batch_13_000045.jpg,3120,4160,Can,745,943,1261,1879
batch_13_000045.jpg,3120,4160,Pop tab,987,1819,1111,1934
batch_13_000045.jpg,3120,4160,Can,1310,2753,1964,3606
batch_13_000045.jpg,3120,4160,Pop tab,1426,2787,1542,2935
batch_13_000046.jpg,4160,3120,Plastic bag & wrapper,945,184,3373,2630
batch_13_000047.jpg,4160,3120,Plastic utensils,184,1790,1612,2214
batch_13_000047.jpg,4160,3120,Straw,3112,605,3756,2454
batch_13_000048.jpg,3120,4160,Carton,930,1688,1645,3241
batch_13_000049.jpg,3120,4160,Styrofoam piece,539,1704,1439,2302
batch_13_000049.jpg,3120,4160,Styrofoam piece,1343,1322,2149,2120
batch_13_000049.jpg,3120,4160,Rope & strings,2158,1049,2228,1660
batch_13_000050.jpg,4160,3120,Unlabeled litter,2010,1415,3500,2057
batch_13_000050.jpg,4160,3120,Cigarette,2,557,399,1126
batch_13_000051.jpg,4160,3120,Plastic bag & wrapper,1751,916,3274,2400
batch_13_000052.jpg,4160,3120,Carton,2215,1197,3705,2170
batch_13_000052.jpg,4160,3120,Other plastic,638,2546,791,2692
batch_13_000053.jpg,4160,3120,Styrofoam piece,374,1542,643,1882
batch_13_000053.jpg,4160,3120,Carton,2279,1151,2414,1332
batch_13_000053.jpg,4160,3120,Styrofoam piece,2941,1158,3744,1793
batch_13_000054.jpg,4160,3120,Carton,836,632,2398,2116
batch_13_000054.jpg,4160,3120,Can,876,1668,1132,1832
batch_13_000054.jpg,4160,3120,Can,926,1827,1122,2156
batch_13_000054.jpg,4160,3120,Can,1120,1801,1304,2130
batch_13_000054.jpg,4160,3120,Can,1192,1837,1454,2114
batch_13_000054.jpg,4160,3120,Can,815,2150,1166,2348
batch_13_000054.jpg,4160,3120,Can,782,2338,1009,2634
batch_13_000054.jpg,4160,3120,Can,1016,2353,1284,2712
batch_13_000054.jpg,4160,3120,Can,1308,2413,1634,2754
batch_13_000054.jpg,4160,3120,Can,1168,2142,1506,2425
batch_13_000054.jpg,4160,3120,Can,1356,2046,1708,2320
batch_13_000054.jpg,4160,3120,Can,1842,1695,2181,2056
batch_13_000054.jpg,4160,3120,Can,2013,2236,2266,2618
batch_13_000054.jpg,4160,3120,Can,2360,1061,2646,1453
batch_13_000054.jpg,4160,3120,Can,2548,905,2955,1251
batch_13_000054.jpg,4160,3120,Can,3500,1269,3788,1704
batch_13_000054.jpg,4160,3120,Pop tab,2878,953,2939,1021
batch_13_000054.jpg,4160,3120,Pop tab,2086,1740,2128,1769
batch_13_000054.jpg,4160,3120,Pop tab,1190,2364,1235,2403
batch_13_000054.jpg,4160,3120,Pop tab,2560,1436,2602,1462
batch_13_000055.jpg,3120,4160,Battery,1402,991,1872,2627
batch_13_000056.jpg,3120,4160,Paper,659,3734,1066,4065
batch_13_000056.jpg,3120,4160,Cup,1522,883,2060,1826
batch_13_000056.jpg,3120,4160,Straw,1717,802,1847,1824
batch_13_000056.jpg,3120,4160,Lid,1521,883,2065,1071
batch_13_000056.jpg,3120,4160,Paper,799,1,1291,483
batch_13_000056.jpg,3120,4160,Cigarette,724,60,831,155
batch_13_000056.jpg,3120,4160,Carton,106,3,610,938
batch_13_000056.jpg,3120,4160,Paper bag,504,1194,1346,1775
batch_13_000057.jpg,3120,4160,Plastic bag & wrapper,1127,1086,1822,3841
batch_13_000058.jpg,4160,3120,Plastic bag & wrapper,1554,1040,3735,2260
batch_13_000059.jpg,3024,4032,Cup,2,862,740,1733
batch_13_000059.jpg,3024,4032,Cup,134,1284,1038,2109
batch_13_000059.jpg,3024,4032,Bottle,644,438,2178,1474
batch_13_000059.jpg,3024,4032,Lid,1551,711,2048,1581
batch_13_000059.jpg,3024,4032,Lid,1178,1368,1819,1922
batch_13_000059.jpg,3024,4032,Cup,1942,664,3024,1718
batch_13_000059.jpg,3024,4032,Cup,1817,1680,3024,2740
batch_13_000059.jpg,3024,4032,Can,845,2616,2017,3679
batch_13_000059.jpg,3024,4032,Plastic container,1178,1369,1821,1940
batch_13_000059.jpg,3024,4032,Unlabeled litter,642,1367,1091,1808
batch_13_000059.jpg,3024,4032,Straw,1304,1092,2135,1376
batch_13_000060.jpg,4160,3120,Plastic utensils,985,206,3158,3055
batch_13_000061.jpg,3120,4160,Plastic bag & wrapper,312,1064,2930,2662
batch_13_000062.jpg,3120,4160,Scrap metal,632,561,1917,3559
batch_13_000063.jpg,3120,4160,Styrofoam piece,320,1490,2659,3459
batch_13_000064.jpg,4160,3120,Plastic container,581,933,3519,3119
batch_13_000065.jpg,3120,4160,Plastic bag & wrapper,1,971,2515,4159
batch_13_000066.jpg,4160,3120,Bottle cap,1168,858,2069,1752
batch_13_000067.jpg,4160,3120,Bottle,395,1032,4153,2074
batch_13_000068.jpg,3120,4160,Other plastic,1376,2390,2062,2984
batch_13_000069.jpg,4160,3120,Unlabeled litter,744,534,3466,3117
batch_13_000070.jpg,3120,4160,Pop tab,1467,1496,2162,2493
batch_13_000071.jpg,3120,4160,Carton,1160,1501,2472,3195
batch_13_000072.jpg,3120,4160,Other plastic,1035,2106,1885,2431
batch_13_000073.jpg,4160,3120,Bottle cap,1679,1010,2419,1760
batch_13_000074.jpg,4160,3120,Plastic bag & wrapper,915,318,2664,2488
batch_13_000075.jpg,4160,3120,Other plastic,1110,281,2557,2288
batch_13_000076.jpg,3120,4160,Plastic bag & wrapper,969,1002,2290,3818
batch_13_000077.jpg,3120,4160,Bottle cap,1020,1488,1959,2447
batch_13_000078.jpg,3120,4160,Carton,312,790,2638,3094
batch_13_000078.jpg,3120,4160,Plastic bag & wrapper,289,1349,2346,3181
batch_13_000079.jpg,3120,4160,Bottle cap,1307,1082,2335,2092
batch_13_000080.jpg,3120,4160,Plastic bag & wrapper,48,1096,3116,3590
batch_13_000080.jpg,3120,4160,Paper,2945,1,3115,240
batch_13_000081.jpg,3120,4160,Bottle cap,939,1670,2014,2735
batch_13_000082.jpg,3120,4160,Can,893,831,2083,3356
batch_13_000083.jpg,4160,3120,Plastic bag & wrapper,962,880,3065,2312
batch_13_000083.jpg,4160,3120,Plastic bag & wrapper,2813,701,3577,1575
batch_13_000083.jpg,4160,3120,Unlabeled litter,3365,2096,3528,2231
batch_13_000083.jpg,4160,3120,Cigarette,3628,674,3819,904
batch_13_000084.jpg,4160,3120,Bottle cap,412,2266,826,2676
batch_13_000084.jpg,4160,3120,Bottle cap,937,1747,1354,2171
batch_13_000084.jpg,4160,3120,Bottle cap,1314,1470,1736,1895
batch_13_000084.jpg,4160,3120,Bottle cap,1873,1051,2308,1461
batch_13_000084.jpg,4160,3120,Bottle cap,2161,1426,2584,1837
batch_13_000084.jpg,4160,3120,Bottle cap,2495,1098,2920,1532
batch_13_000084.jpg,4160,3120,Bottle cap,2653,616,3095,1056
batch_13_000084.jpg,4160,3120,Bottle cap,2248,390,2681,831
batch_13_000084.jpg,4160,3120,Bottle cap,3116,421,3569,884
batch_13_000085.jpg,3120,4160,Plastic bag & wrapper,706,1378,2414,2557
batch_13_000086.jpg,3120,4160,Bottle,990,628,2350,3048
batch_13_000087.jpg,3120,4160,Cigarette,2073,1088,2284,1770
batch_13_000087.jpg,3120,4160,Cigarette,1171,2972,1758,3450
batch_13_000087.jpg,3120,4160,Other plastic,1144,891,1579,1337
batch_13_000088.jpg,4160,3120,Can,807,512,3054,1772
batch_13_000089.jpg,3120,4160,Cigarette,1055,839,1425,1159
batch_13_000089.jpg,3120,4160,Cigarette,1546,2846,1974,3167
batch_13_000090.jpg,4160,3120,Bottle cap,840,973,1904,2052
batch_13_000090.jpg,4160,3120,Bottle cap,2559,884,3681,1985
batch_13_000091.jpg,3120,4160,Lid,1,548,3040,3613
batch_13_000092.jpg,3120,4160,Bottle,976,367,2039,3953
batch_13_000092.jpg,3120,4160,Bottle cap,1330,370,1785,633
batch_13_000093.jpg,4160,3120,Bottle,40,450,3728,1948
batch_13_000094.jpg,4160,3120,Can,727,821,3809,2258
batch_13_000094.jpg,4160,3120,Pop tab,726,1304,784,1610
batch_13_000095.jpg,3120,4160,Bottle,550,771,1546,3786
batch_13_000095.jpg,3120,4160,Bottle,1602,412,2571,3528
batch_13_000095.jpg,3120,4160,Bottle cap,1956,413,2349,633
batch_13_000096.jpg,4160,3120,Other plastic,739,800,3391,2564
batch_13_000097.jpg,4160,3120,Other plastic,1329,964,1935,2687
batch_13_000097.jpg,4160,3120,Other plastic,1293,989,2854,1558
batch_13_000098.jpg,4160,3120,Plastic container,942,630,3183,2836
batch_13_000099.jpg,4160,3120,Plastic bag & wrapper,1036,1,2964,3119
batch_4_000032.JPG,2448,3264,Bottle cap,992,926,1075,1003
batch_4_000032.JPG,2448,3264,Bottle,805,1839,1114,2408
batch_4_000032.JPG,2448,3264,Paper,691,2114,1162,2372
batch_4_000032.JPG,2448,3264,Cigarette,1116,784,1140,864
batch_4_000032.JPG,2448,3264,Cigarette,1908,1048,1940,1126
batch_4_000032.JPG,2448,3264,Cigarette,1396,3050,1424,3124
batch_4_000032.JPG,2448,3264,Cigarette,1730,2934,1750,3006
batch_4_000067.JPG,3264,2448,Straw,1680,1430,2054,2107
batch_4_000066.JPG,3264,2448,Other plastic,2565,1498,2865,1699
batch_4_000066.JPG,3264,2448,Other plastic,1810,1203,2011,1362
batch_4_000066.JPG,3264,2448,Other plastic,2741,1015,2790,1079
batch_4_000066.JPG,3264,2448,Other plastic,803,571,874,613
batch_4_000066.JPG,3264,2448,Plastic bag & wrapper,1103,967,1269,1108
batch_4_000000.JPG,2448,3264,Bottle cap,1430,1109,1500,1174
batch_4_000002.JPG,2448,3264,Cup,410,810,471,867
batch_4_000002.JPG,2448,3264,Cup,1756,1416,1823,1479
batch_4_000002.JPG,2448,3264,Plastic bag & wrapper,1186,3000,1437,3263
batch_4_000002.JPG,2448,3264,Paper,1110,3176,1264,3263
batch_4_000002.JPG,2448,3264,Cigarette,1586,2710,1618,2724
batch_4_000002.JPG,2448,3264,Cigarette,1538,2736,1574,2756
batch_4_000002.JPG,2448,3264,Cigarette,1532,2758,1568,2782
batch_4_000002.JPG,2448,3264,Cigarette,1528,2772,1554,2788
batch_4_000002.JPG,2448,3264,Cigarette,1452,2750,1488,2780
batch_4_000002.JPG,2448,3264,Cigarette,1514,2536,1542,2570
batch_4_000002.JPG,2448,3264,Cigarette,1508,2408,1550,2434
batch_4_000002.JPG,2448,3264,Cigarette,1778,2326,1804,2362
batch_4_000002.JPG,2448,3264,Cigarette,1826,1676,1836,1710
batch_4_000002.JPG,2448,3264,Cigarette,514,3182,556,3200
batch_4_000002.JPG,2448,3264,Cigarette,1538,2434,1560,2452
batch_4_000003.JPG,2448,3264,Bottle cap,840,1028,999,1186
batch_4_000004.JPG,3264,2448,Paper,544,1090,945,1164
batch_4_000004.JPG,3264,2448,Paper,1573,1029,1982,1146
batch_4_000004.JPG,3264,2448,Paper,1903,1054,2287,1141
batch_4_000004.JPG,3264,2448,Cigarette,2486,1242,2540,1258
batch_4_000004.JPG,3264,2448,Cigarette,2482,1216,2536,1244
batch_4_000004.JPG,3264,2448,Cigarette,40,1286,86,1312
batch_4_000005.JPG,3264,2448,Cup,1549,855,1830,1053
batch_4_000005.JPG,3264,2448,Cigarette,740,1188,816,1206
batch_4_000005.JPG,3264,2448,Cigarette,2048,1392,2130,1430
batch_4_000006.JPG,2448,3264,Other plastic,1331,2671,1674,2864
batch_4_000007.JPG,2448,3264,Plastic bag & wrapper,688,1215,991,1386
batch_4_000008.JPG,2448,3264,Straw,1095,1381,1537,1892
batch_4_000009.JPG,2448,3264,Other plastic,894,1606,1365,1714
batch_4_000010.JPG,2448,3264,Other plastic,528,1457,945,1713
batch_4_000010.JPG,2448,3264,Other plastic,714,1190,774,1222
batch_4_000010.JPG,2448,3264,Other plastic,1883,1599,2126,1769
batch_4_000011.JPG,2448,3264,Other plastic,1200,2101,1337,2337
batch_4_000011.JPG,2448,3264,Other plastic,1416,397,1696,811
batch_4_000011.JPG,2448,3264,Lid,965,2577,1124,2766
batch_4_000012.JPG,2448,3264,Other plastic,881,1456,1640,1984
batch_4_000013.JPG,2448,3264,Bottle cap,691,1323,972,1597
batch_4_000014.JPG,2448,3264,Other plastic,1852,3080,1947,3170
batch_4_000014.JPG,2448,3264,Bottle cap,1655,1930,1746,2017
batch_4_000015.JPG,2448,3264,Plastic bag & wrapper,962,2331,1250,2596
batch_4_000016.JPG,3264,2448,Other plastic,979,1151,1239,1545
batch_4_000018.JPG,2448,3264,Other plastic,513,1300,1153,1784
batch_4_000019.JPG,3264,2448,Other plastic,2358,1359,2585,1503
batch_4_000020.JPG,2448,3264,Plastic bag & wrapper,928,1619,1312,1853
batch_4_000021.JPG,3264,2448,Other plastic,1599,1234,1814,1451
batch_4_000022.JPG,2448,3264,Other plastic,874,1461,999,1553
batch_4_000023.JPG,3264,2448,Bottle cap,2069,1254,2275,1375
batch_4_000025.JPG,2448,3264,Plastic bag & wrapper,939,725,1106,912
batch_4_000026.JPG,2448,3264,Cup,1868,1814,2337,2054
batch_4_000027.JPG,2448,3264,Other plastic,912,1952,1281,2243
batch_4_000028.JPG,3264,2448,Other plastic,1315,1575,1511,1748
batch_4_000028.JPG,3264,2448,Other plastic,1253,1758,1304,1816
batch_4_000029.JPG,3264,2448,Plastic bag & wrapper,1667,717,1790,1121
batch_4_000029.JPG,3264,2448,Plastic bag & wrapper,1556,645,1740,873
batch_4_000029.JPG,3264,2448,Other plastic,1227,794,1347,966
batch_4_000029.JPG,3264,2448,Other plastic,1279,705,1458,888
batch_4_000031.JPG,3264,2448,Plastic bag & wrapper,1554,1089,2183,1541
batch_4_000031.JPG,3264,2448,Plastic bag & wrapper,954,790,1100,899
batch_4_000031.JPG,3264,2448,Cigarette,1232,752,1268,776
batch_4_000034.JPG,3264,2448,Styrofoam piece,1252,1028,1319,1160
batch_4_000035.JPG,2448,3264,Styrofoam piece,1257,2679,1325,2795
batch_4_000035.JPG,2448,3264,Cigarette,346,2488,414,2538
batch_4_000036.JPG,2448,3264,Other plastic,750,1540,1067,1871
batch_4_000037.JPG,2448,3264,Rope & strings,799,1811,879,1855
batch_4_000039.JPG,3264,2448,Cup,624,1087,1420,1425
batch_4_000040.JPG,2448,3264,Cup,1163,2064,1536,2552
batch_4_000041.JPG,2448,3264,Rope & strings,879,858,1140,1265
batch_4_000042.JPG,2448,3264,Paper,167,1399,616,1739
batch_4_000043.JPG,2448,3264,Straw,180,1026,1430,1235
batch_4_000045.JPG,3264,2448,Straw,1,1494,1127,1569
batch_4_000045.JPG,3264,2448,Plastic bag & wrapper,603,1642,1285,2447
batch_4_000045.JPG,3264,2448,Plastic bag & wrapper,2629,629,2909,748
batch_4_000046.JPG,3264,2448,Rope & strings,995,1639,1882,1955
batch_4_000046.JPG,3264,2448,Rope & strings,381,1141,987,1467
batch_4_000047.JPG,2448,3264,Rope & strings,86,1961,2446,2701
batch_4_000048.JPG,2448,3264,Plastic bag & wrapper,846,1779,1250,1979
batch_4_000049.JPG,2448,3264,Other plastic,905,1798,1165,2224
batch_4_000050.JPG,2448,3264,Aluminium foil,910,1680,976,1790
batch_4_000051.JPG,2448,3264,Aluminium foil,1052,1800,1279,2037
batch_4_000052.JPG,2448,3264,Plastic bag & wrapper,433,1314,1129,1926
batch_4_000053.JPG,3264,2448,Plastic bag & wrapper,1621,1611,2102,2045
batch_4_000054.JPG,3264,2448,Food waste,1611,364,2088,770
batch_4_000054.JPG,3264,2448,Other plastic,1636,1502,1853,1694
batch_4_000054.JPG,3264,2448,Other plastic,1738,1871,1972,2121
batch_4_000054.JPG,3264,2448,Other plastic,523,966,1107,1580
batch_4_000055.JPG,3264,2448,Rope & strings,1129,919,1552,2177
batch_4_000056.JPG,3264,2448,Other plastic,1898,1563,2113,1656
batch_4_000057.JPG,2448,3264,Other plastic,755,1514,1082,1605
batch_4_000058.JPG,3264,2448,Plastic bag & wrapper,1988,1177,2888,1554
batch_4_000058.JPG,3264,2448,Carton,914,1559,1138,1727
batch_4_000059.JPG,2448,3264,Other plastic,1259,1654,1755,1918
batch_4_000060.JPG,3264,2448,Other plastic,2377,957,2757,1227
batch_4_000061.JPG,2448,3264,Bottle cap,909,1742,1092,1969
batch_4_000062.JPG,2448,3264,Bottle cap,682,2610,929,2843
batch_4_000063.JPG,2448,3264,Plastic bag & wrapper,1256,1593,1387,2029
batch_4_000064.JPG,3264,2448,Rope & strings,1773,1325,2014,1880
batch_4_000065.JPG,3264,2448,Other plastic,1563,1282,1764,1421
batch_4_000065.JPG,3264,2448,Other plastic,879,1433,2807,1814
batch_4_000068.JPG,2448,3264,Other plastic,1273,1945,1576,2177
batch_4_000069.JPG,3264,2448,Bottle cap,1059,1403,1300,1555
batch_4_000070.JPG,3264,2448,Bottle cap,2116,1449,2453,1780
batch_4_000071.JPG,3264,2448,Paper,1153,1083,1649,1669
batch_4_000072.JPG,3264,2448,Styrofoam piece,991,1540,1841,2188
batch_4_000073.JPG,3264,2448,Styrofoam piece,1579,1327,2006,1767
batch_4_000073.JPG,3264,2448,Other plastic,2480,632,2521,685
batch_4_000074.JPG,3264,2448,Bottle cap,2060,1048,2153,1147
batch_4_000076.JPG,3264,2448,Plastic bag & wrapper,1617,1030,2062,1378
batch_4_000077.JPG,3264,2448,Plastic bag & wrapper,1283,1624,1757,1928
batch_4_000079.JPG,3264,2448,Plastic bag & wrapper,1155,1593,1372,1793
batch_4_000080.JPG,3264,2448,Bottle cap,2506,1406,2585,1492
batch_4_000080.JPG,3264,2448,Other plastic,563,1041,950,1102
batch_4_000081.JPG,2448,3264,Carton,572,1767,699,1960
batch_4_000082.JPG,3264,2448,Cup,708,1109,942,1331
batch_4_000082.JPG,3264,2448,Cigarette,972,1026,998,1056
batch_4_000083.JPG,3264,2448,Styrofoam piece,1988,1290,2131,1631
batch_4_000084.JPG,3264,2448,Plastic bag & wrapper,1498,1121,1607,1324
batch_4_000085.JPG,3264,2448,Can,978,1267,1209,1369
batch_4_000085.JPG,3264,2448,Cigarette,1822,800,1842,844
batch_4_000085.JPG,3264,2448,Cigarette,1184,2126,1216,2186
batch_4_000086.JPG,2448,3264,Plastic container,1251,1177,1693,1708
batch_4_000087.JPG,3264,2448,Styrofoam piece,1114,1104,1238,1206
batch_4_000087.JPG,3264,2448,Styrofoam piece,1526,919,1645,1001
batch_4_000087.JPG,3264,2448,Plastic bag & wrapper,1999,522,2426,939
batch_4_000087.JPG,3264,2448,Plastic bag & wrapper,1926,472,2229,1273
batch_4_000087.JPG,3264,2448,Unlabeled litter,193,1103,254,1170
batch_4_000088.JPG,2448,3264,Plastic bag & wrapper,996,2026,1329,2185
batch_4_000088.JPG,2448,3264,Plastic bag & wrapper,1106,1220,1321,1399
batch_4_000088.JPG,2448,3264,Styrofoam piece,1090,1816,1235,2036
batch_4_000088.JPG,2448,3264,Styrofoam piece,1374,1944,1467,2000
batch_4_000089.JPG,2448,3264,Plastic bag & wrapper,1041,1840,1327,2058
batch_4_000090.JPG,2448,3264,Straw,1120,2024,1262,2074
batch_4_000092.JPG,2448,3264,Plastic bag & wrapper,1440,2110,1514,2187
batch_4_000093.JPG,2448,3264,Plastic bag & wrapper,1129,1799,1428,2128
batch_4_000093.JPG,2448,3264,Cigarette,2052,476,2084,536
batch_4_000094.JPG,3264,2448,Other plastic,1694,1094,2476,1680
batch_4_000094.JPG,3264,2448,Cigarette,848,1462,872,1484
batch_4_000095.JPG,3264,2448,Bottle cap,1517,1255,1639,1386
batch_4_000096.JPG,2448,3264,Bottle cap,987,2133,1153,2288
batch_4_000096.JPG,2448,3264,Pop tab,1184,2159,1281,2271
batch_4_000096.JPG,2448,3264,Cigarette,1132,256,1204,286
batch_4_000097.JPG,2448,3264,Bottle,1567,1375,1829,1497
batch_4_000097.JPG,2448,3264,Squeezable tube,841,1834,1267,2149
batch_4_000097.JPG,2448,3264,Plastic bag & wrapper,1611,1676,1877,1825
batch_4_000097.JPG,2448,3264,Other plastic,1320,1558,1359,1577
batch_4_000097.JPG,2448,3264,Other plastic,1367,1616,1402,1646
batch_4_000097.JPG,2448,3264,Other plastic,1527,1610,1659,1639
batch_4_000097.JPG,2448,3264,Other plastic,1559,1589,1599,1606
batch_4_000097.JPG,2448,3264,Other plastic,1504,1390,1586,1485
batch_4_000098.JPG,2448,3264,Plastic bag & wrapper,853,2015,1517,2556
batch_4_000098.JPG,2448,3264,Plastic container,855,2010,1800,2559
batch_7_000000.JPG,6000,4000,Plastic bag & wrapper,3521,2398,3682,2666
batch_7_000001.JPG,6000,4000,Straw,2542,1381,3193,1515
batch_7_000001.JPG,6000,4000,Other plastic,2199,1013,2311,1057
batch_7_000001.JPG,6000,4000,Other plastic,1901,1052,2156,1244
batch_7_000001.JPG,6000,4000,Bottle cap,3895,2872,4029,3005
batch_7_000002.JPG,6000,4000,Straw,2707,3053,3239,3554
batch_7_000002.JPG,6000,4000,Other plastic,3300,3184,3377,3240
batch_7_000002.JPG,6000,4000,Unlabeled litter,1703,2177,1767,2216
batch_7_000003.JPG,6000,4000,Bottle cap,2270,2919,2462,3037
batch_7_000004.JPG,6000,4000,Plastic bag & wrapper,1525,2472,2133,2877
batch_7_000004.JPG,6000,4000,Other plastic,3553,1944,3743,2192
batch_7_000005.JPG,6000,4000,Plastic bag & wrapper,1822,1957,2545,2818
batch_7_000006.JPG,6000,4000,Other plastic,3500,2926,4204,3676
batch_7_000006.JPG,6000,4000,Carton,1617,2224,2665,3998
batch_7_000008.JPG,6000,4000,Plastic utensils,3319,1746,3467,1793
batch_7_000010.JPG,6000,4000,Bottle,3830,1432,4155,1566
batch_7_000010.JPG,6000,4000,Bottle cap,4108,1466,4155,1532
batch_7_000010.JPG,6000,4000,Bottle cap,3577,1127,3634,1173
batch_7_000011.JPG,6000,4000,Can,2999,2432,3307,2605
batch_7_000012.JPG,6000,4000,Plastic bag & wrapper,3326,1175,4192,2053
batch_7_000013.JPG,3264,2448,Aluminium foil,1342,1050,1669,1289
batch_7_000013.JPG,3264,2448,Paper,1663,915,2399,1400
batch_7_000014.JPG,3264,2448,Aluminium foil,1298,1259,1581,1508
batch_7_000015.JPG,2448,3264,Unlabeled litter,1225,1485,1382,1584
batch_7_000015.JPG,2448,3264,Unlabeled litter,907,827,965,843
batch_7_000016.JPG,2448,3264,Bottle,358,844,703,964
batch_7_000017.JPG,3264,2448,Bottle,1436,1742,1791,2200
batch_7_000018.JPG,3264,2448,Styrofoam piece,1081,1048,1361,1319
batch_7_000018.JPG,3264,2448,Styrofoam piece,719,2131,756,2180
batch_7_000018.JPG,3264,2448,Styrofoam piece,1026,1737,1118,1772
batch_7_000018.JPG,3264,2448,Styrofoam piece,2241,1811,2309,1865
batch_7_000018.JPG,3264,2448,Styrofoam piece,1821,1373,1862,1411
batch_7_000019.JPG,3264,2448,Plastic container,1547,935,1805,1121
batch_7_000020.JPG,3264,2448,Styrofoam piece,2045,1521,2380,1698
batch_7_000021.JPG,3264,2448,Styrofoam piece,1199,815,1592,1035
batch_7_000021.JPG,3264,2448,Styrofoam piece,920,1179,959,1201
batch_7_000021.JPG,3264,2448,Paper,1,1738,515,2401
batch_7_000021.JPG,3264,2448,Unlabeled litter,2814,129,2889,164
batch_7_000022.JPG,3264,2448,Other plastic,2499,1822,2798,2048
batch_7_000022.JPG,3264,2448,Other plastic,2914,1750,3264,2009
batch_7_000022.JPG,3264,2448,Other plastic,1236,231,1469,379
batch_7_000022.JPG,3264,2448,Other plastic,1613,171,1804,368
batch_7_000022.JPG,3264,2448,Other plastic,2322,90,2599,182
batch_7_000022.JPG,3264,2448,Other plastic,386,518,473,797
batch_7_000022.JPG,3264,2448,Other plastic,2071,190,2303,242
batch_7_000022.JPG,3264,2448,Unlabeled litter,1957,160,2092,329
batch_7_000022.JPG,3264,2448,Paper,2736,1398,3104,1745
batch_7_000022.JPG,3264,2448,Bottle,902,1100,1528,1901
batch_7_000022.JPG,3264,2448,Bottle,458,1449,1237,1922
batch_7_000022.JPG,3264,2448,Straw,221,1305,678,1457
batch_7_000022.JPG,3264,2448,Cigarette,1096,1178,1134,1300
batch_7_000023.JPG,2448,3264,Carton,1080,2059,1244,2201
batch_7_000023.JPG,2448,3264,Carton,1160,995,1290,1072
batch_7_000023.JPG,2448,3264,Plastic bag & wrapper,1610,614,1979,732
batch_7_000023.JPG,2448,3264,Cigarette,1100,2176,1138,2220
batch_7_000024.JPG,3264,2448,Can,1163,1156,1297,1292
batch_7_000024.JPG,3264,2448,Unlabeled litter,1315,1743,1500,1862
batch_7_000025.JPG,3264,2448,Can,616,1380,933,1563
batch_7_000025.JPG,3264,2448,Pop tab,626,1407,682,1462
batch_7_000029.JPG,2448,3264,Cup,629,1572,1341,2571
batch_7_000029.JPG,2448,3264,Lid,618,1574,1340,2062
batch_7_000029.JPG,2448,3264,Paper,1208,2144,1860,2689
batch_7_000030.JPG,960,1280,Cup,125,565,580,1140
batch_7_000031.JPG,2448,3264,Cup,373,1047,1812,2436
batch_7_000031.JPG,2448,3264,Lid,863,1045,1809,1967
batch_7_000033.JPG,2448,3264,Cup,175,978,600,1501
batch_7_000033.JPG,2448,3264,Cup,756,987,1146,1489
batch_7_000033.JPG,2448,3264,Cup,733,889,1160,1150
batch_7_000034.JPG,2448,3264,Bottle cap,818,1260,926,1348
batch_7_000035.JPG,3264,2448,Plastic bag & wrapper,1256,1288,1480,1436
batch_7_000035.JPG,3264,2448,Plastic bag & wrapper,1473,1217,2070,1896
batch_7_000035.JPG,3264,2448,Cup,1334,921,1418,985
batch_7_000035.JPG,3264,2448,Other plastic,1364,1099,1455,1157
batch_7_000035.JPG,3264,2448,Cigarette,108,1548,148,1560
batch_7_000036.JPG,3264,2448,Carton,1029,933,1314,1209
batch_7_000036.JPG,3264,2448,Carton,1132,1412,1440,1715
batch_7_000036.JPG,3264,2448,Straw,1383,779,1569,852
batch_7_000036.JPG,3264,2448,Plastic bag & wrapper,1379,1115,1767,1523
batch_7_000036.JPG,3264,2448,Plastic bag & wrapper,1681,952,2213,1278
batch_7_000036.JPG,3264,2448,Plastic bag & wrapper,1612,864,1982,1266
batch_7_000036.JPG,3264,2448,Can,1881,1158,2199,1553
batch_7_000036.JPG,3264,2448,Other plastic,913,548,1004,593
batch_7_000037.JPG,2448,3264,Cup,1349,2099,1520,2236
batch_7_000037.JPG,2448,3264,Cigarette,1060,2234,1080,2278
batch_7_000038.JPG,2448,3264,Carton,497,1012,772,1185
batch_7_000038.JPG,2448,3264,Straw,552,935,578,1032
batch_7_000039.JPG,2448,3264,Plastic container,604,1668,1120,2133
batch_7_000039.JPG,2448,3264,Unlabeled litter,903,1573,970,1623
batch_7_000039.JPG,2448,3264,Unlabeled litter,1163,1997,1303,2083
batch_7_000039.JPG,2448,3264,Plastic bag & wrapper,1174,1554,1261,1608
batch_7_000039.JPG,2448,3264,Plastic bag & wrapper,441,2996,682,3132
batch_7_000039.JPG,2448,3264,Cigarette,2288,1932,2350,1966
batch_7_000039.JPG,2448,3264,Cigarette,2326,1918,2392,1946
batch_7_000042.JPG,2448,3264,Carton,334,657,593,804
batch_7_000043.JPG,2448,3264,Cup,1280,1001,1527,1179
batch_7_000043.JPG,2448,3264,Other plastic,906,2882,1084,3075
batch_7_000043.JPG,2448,3264,Other plastic,937,3031,1044,3111
batch_7_000043.JPG,2448,3264,Unlabeled litter,1416,2252,1480,2318
batch_7_000043.JPG,2448,3264,Cigarette,1324,2716,1388,2762
batch_7_000043.JPG,2448,3264,Cigarette,1522,2542,1556,2608
batch_7_000043.JPG,2448,3264,Cigarette,2088,2194,2144,2242
batch_7_000043.JPG,2448,3264,Cigarette,2274,2124,2340,2182
batch_7_000043.JPG,2448,3264,Cigarette,236,1632,290,1686
batch_7_000043.JPG,2448,3264,Cigarette,8,1578,62,1610
batch_7_000043.JPG,2448,3264,Cigarette,600,1138,618,1196
batch_7_000044.JPG,2448,3264,Straw,1420,989,1467,1018
batch_7_000044.JPG,2448,3264,Carton,1341,946,1441,1024
batch_7_000044.JPG,2448,3264,Bottle,837,1183,1296,1402
batch_7_000044.JPG,2448,3264,Plastic bag & wrapper,824,1241,933,1372
batch_7_000044.JPG,2448,3264,Plastic bag & wrapper,4,2538,531,2997
batch_7_000044.JPG,2448,3264,Cup,868,1186,974,1275
batch_7_000044.JPG,2448,3264,Paper,240,1597,332,1671
batch_7_000044.JPG,2448,3264,Cigarette,1300,1508,1346,1538
batch_7_000045.JPG,2448,3264,Carton,1188,1207,1389,1580
batch_7_000045.JPG,2448,3264,Lid,1238,1491,1292,1543
batch_7_000047.JPG,2448,3264,Bottle,1358,1415,1602,1574
batch_7_000047.JPG,2448,3264,Bottle,1178,1425,1397,1598
batch_7_000047.JPG,2448,3264,Paper,1258,1457,1545,1585
batch_7_000047.JPG,2448,3264,Cigarette,844,1466,856,1498
batch_7_000047.JPG,2448,3264,Cigarette,856,1448,870,1486
batch_7_000048.JPG,2448,3264,Cup,1133,1863,1334,2035
batch_7_000048.JPG,2448,3264,Bottle cap,1413,1989,1456,2037
batch_7_000048.JPG,2448,3264,Paper,1497,1822,1674,2375
batch_7_000048.JPG,2448,3264,Unlabeled litter,514,1918,619,1996
batch_7_000048.JPG,2448,3264,Styrofoam piece,662,2049,740,2091
batch_7_000049.JPG,2448,3264,Plastic bag & wrapper,1714,1827,2051,2256
batch_7_000049.JPG,2448,3264,Plastic bag & wrapper,1891,1763,2049,1937
batch_7_000049.JPG,2448,3264,Plastic bag & wrapper,528,1944,660,2051
batch_7_000049.JPG,2448,3264,Plastic bag & wrapper,645,2335,775,2436
batch_7_000049.JPG,2448,3264,Plastic bag & wrapper,1,847,111,925
batch_7_000049.JPG,2448,3264,Plastic utensils,584,2784,713,3001
batch_7_000049.JPG,2448,3264,Bottle,614,1589,814,2083
batch_7_000049.JPG,2448,3264,Plastic container,551,1431,714,1547
batch_7_000049.JPG,2448,3264,Paper,574,1389,659,1434
batch_7_000049.JPG,2448,3264,Paper,1652,518,1755,578
batch_7_000049.JPG,2448,3264,Carton,186,1796,280,1863
batch_7_000049.JPG,2448,3264,Unlabeled litter,278,1825,340,1876
batch_7_000049.JPG,2448,3264,Unlabeled litter,1520,2439,1559,2536
batch_7_000049.JPG,2448,3264,Unlabeled litter,1871,1438,2039,1530
batch_7_000049.JPG,2448,3264,Unlabeled litter,415,570,531,609
batch_7_000049.JPG,2448,3264,Unlabeled litter,1200,626,1421,677
batch_7_000049.JPG,2448,3264,Unlabeled litter,1389,481,1412,492
batch_7_000049.JPG,2448,3264,Unlabeled litter,217,1294,266,1326
batch_7_000049.JPG,2448,3264,Other plastic,1778,2692,1821,2997
batch_7_000049.JPG,2448,3264,Unlabeled litter,1397,2528,1454,2611
batch_7_000049.JPG,2448,3264,Other plastic,868,2519,1026,2667
batch_7_000049.JPG,2448,3264,Straw,1818,1694,1945,1828
batch_7_000049.JPG,2448,3264,Cup,50,585,140,656
batch_7_000049.JPG,2448,3264,Bottle cap,662,2052,713,2083
batch_7_000050.JPG,2448,3264,Plastic utensils,1096,1495,1180,1859
batch_7_000050.JPG,2448,3264,Plastic utensils,1172,1736,1545,1852
batch_7_000050.JPG,2448,3264,Straw,1120,1721,1360,2206
batch_7_000050.JPG,2448,3264,Unlabeled litter,924,1192,1177,1327
batch_7_000051.JPG,2448,3264,Straw,599,2068,703,2174
batch_7_000051.JPG,2448,3264,Straw,632,2055,730,2153
batch_7_000051.JPG,2448,3264,Plastic bag & wrapper,574,2142,1148,2679
batch_7_000051.JPG,2448,3264,Plastic bag & wrapper,1091,1906,1652,2749
batch_7_000051.JPG,2448,3264,Plastic bag & wrapper,1295,2573,1431,2759
batch_7_000051.JPG,2448,3264,Carton,488,1679,1819,2484
batch_7_000051.JPG,2448,3264,Carton,1027,2099,1157,2282
batch_7_000051.JPG,2448,3264,Cup,1610,2468,1726,2604
batch_7_000051.JPG,2448,3264,Cigarette,840,1492,880,1504
batch_7_000052.JPG,3264,2448,Carton,1317,1432,1871,1870
batch_7_000052.JPG,3264,2448,Other plastic,3017,1814,3069,1869
batch_7_000053.JPG,3264,2448,Cup,1782,1397,1923,1620
batch_7_000053.JPG,3264,2448,Plastic utensils,2288,1931,2474,1967
batch_7_000054.JPG,3264,2448,Plastic bag & wrapper,1751,1946,1839,2031
batch_7_000054.JPG,3264,2448,Other plastic,293,2012,344,2045
batch_7_000055.JPG,2448,3264,Plastic bag & wrapper,1262,1243,1679,1441
batch_7_000056.JPG,2448,3264,Plastic container,850,1603,1014,1886
batch_7_000057.JPG,2448,3264,Cup,1299,1332,1397,1401
batch_7_000058.JPG,2448,3264,Bottle,1371,1814,1558,2095
batch_7_000058.JPG,2448,3264,Paper,2109,2677,2373,2914
batch_7_000060.JPG,2448,3264,Plastic bag & wrapper,1279,1541,1580,1739
batch_7_000062.JPG,2448,3264,Bottle,1564,911,1745,1094
batch_7_000062.JPG,2448,3264,Bottle cap,1563,1061,1593,1094
batch_7_000062.JPG,2448,3264,Plastic bag & wrapper,1810,629,1955,747
batch_7_000062.JPG,2448,3264,Plastic bag & wrapper,1351,817,1528,911
batch_7_000062.JPG,2448,3264,Plastic bag & wrapper,996,2002,1289,2295
batch_7_000062.JPG,2448,3264,Plastic bag & wrapper,590,2475,749,2653
batch_7_000062.JPG,2448,3264,Plastic bag & wrapper,900,1480,1017,1617
batch_7_000062.JPG,2448,3264,Unlabeled litter,1721,467,1755,496
batch_7_000062.JPG,2448,3264,Unlabeled litter,2189,18,2256,91
batch_7_000062.JPG,2448,3264,Unlabeled litter,2202,1,2281,45
batch_7_000062.JPG,2448,3264,Unlabeled litter,1086,760,1156,844
batch_7_000062.JPG,2448,3264,Plastic bag & wrapper,1165,2263,1311,2483
batch_7_000063.JPG,3264,2448,Straw,1445,874,1567,1346
batch_7_000063.JPG,3264,2448,Unlabeled litter,1546,182,1633,366
batch_7_000064.JPG,3264,2448,Plastic bag & wrapper,1409,1558,1547,1686
batch_7_000064.JPG,3264,2448,Plastic bag & wrapper,1978,1146,2171,1230
batch_7_000064.JPG,3264,2448,Plastic bag & wrapper,793,2266,901,2338
batch_7_000065.JPG,3264,2448,Plastic bag & wrapper,1151,718,1448,880
batch_7_000065.JPG,3264,2448,Bottle,2292,868,2404,943
batch_7_000065.JPG,3264,2448,Bottle cap,2292,920,2314,944
batch_7_000065.JPG,3264,2448,Unlabeled litter,1,788,74,826
batch_7_000066.JPG,3264,2448,Cup,1716,1246,1795,1358
batch_7_000066.JPG,3264,2448,Plastic container,2511,940,2703,1068
batch_7_000066.JPG,3264,2448,Plastic bag & wrapper,702,608,812,693
batch_7_000067.JPG,3264,2448,Plastic bag & wrapper,1837,909,2155,1160
batch_7_000067.JPG,3264,2448,Other plastic,1726,1627,1805,1763
batch_7_000068.JPG,3264,2448,Plastic bag & wrapper,1503,675,1678,832
batch_7_000069.JPG,2448,3264,Plastic bag & wrapper,1200,1795,1421,2022
batch_7_000070.JPG,2448,3264,Plastic utensils,907,1943,1236,2048
batch_7_000070.JPG,2448,3264,Straw,840,2103,1040,2211
batch_7_000070.JPG,2448,3264,Other plastic,764,2845,791,2920
batch_7_000071.JPG,3264,2448,Plastic bag & wrapper,1558,807,1802,887
batch_7_000072.JPG,2448,3264,Bottle,1070,1284,1513,1601
batch_7_000072.JPG,2448,3264,Bottle,2033,2806,2370,3088
batch_7_000072.JPG,2448,3264,Unlabeled litter,448,350,875,726
batch_7_000072.JPG,2448,3264,Cigarette,1016,3036,1046,3110
batch_7_000072.JPG,2448,3264,Cigarette,458,3090,548,3144
batch_7_000073.JPG,2448,3264,Carton,1041,1327,1305,1500
batch_7_000073.JPG,2448,3264,Bottle cap,1434,1898,1478,1939
batch_7_000073.JPG,2448,3264,Cigarette,1100,2040,1150,2062
batch_7_000073.JPG,2448,3264,Cigarette,1656,2436,1696,2456
batch_7_000073.JPG,2448,3264,Cigarette,1242,254,1268,276
batch_7_000075.JPG,3264,2448,Bottle,1590,513,1757,646
batch_7_000075.JPG,3264,2448,Unlabeled litter,1092,1744,1152,1768
batch_7_000076.JPG,2448,3264,Carton,658,1286,805,1355
batch_7_000076.JPG,2448,3264,Unlabeled litter,298,799,325,831
batch_7_000077.JPG,2448,3264,Bottle,618,1456,782,1738
batch_7_000077.JPG,2448,3264,Cigarette,676,3196,704,3260
batch_7_000077.JPG,2448,3264,Cigarette,952,942,966,980
batch_7_000078.JPG,2448,3264,Plastic bag & wrapper,172,2,1292,594
batch_7_000078.JPG,2448,3264,Plastic bag & wrapper,222,208,961,806
batch_7_000078.JPG,2448,3264,Plastic bag & wrapper,177,538,1871,1993
batch_7_000078.JPG,2448,3264,Plastic bag & wrapper,1,527,579,1150
batch_7_000078.JPG,2448,3264,Plastic bag & wrapper,1,1570,592,2916
batch_7_000078.JPG,2448,3264,Plastic bag & wrapper,1804,1019,1931,1109
batch_7_000078.JPG,2448,3264,Plastic bag & wrapper,1633,1734,1861,1952
batch_7_000078.JPG,2448,3264,Plastic bag & wrapper,1633,1496,2161,1854
batch_7_000078.JPG,2448,3264,Carton,5,1445,1019,2489
batch_7_000078.JPG,2448,3264,Carton,2179,1805,2406,2074
batch_7_000078.JPG,2448,3264,Carton,2021,1471,2232,1656
batch_7_000078.JPG,2448,3264,Carton,2212,1177,2390,1295
batch_7_000078.JPG,2448,3264,Carton,984,1885,1225,2049
batch_7_000078.JPG,2448,3264,Carton,932,2042,1259,2228
batch_7_000078.JPG,2448,3264,Carton,851,1986,964,2105
batch_7_000078.JPG,2448,3264,Pop tab,1835,884,1868,903
batch_7_000078.JPG,2448,3264,Straw,2156,1604,2190,1698
batch_7_000078.JPG,2448,3264,Straw,971,2004,995,2062
batch_7_000078.JPG,2448,3264,Bottle,1236,1809,1381,2251
batch_7_000078.JPG,2448,3264,Bottle cap,1293,2200,1358,2252
batch_7_000079.JPG,2448,3264,Bottle,1003,1762,1367,1905
batch_7_000079.JPG,2448,3264,Bottle,564,1821,946,1966
batch_7_000079.JPG,2448,3264,Carton,865,1439,1070,1695
batch_7_000079.JPG,2448,3264,Cup,858,1707,1025,1832
batch_7_000079.JPG,2448,3264,Unlabeled litter,380,2251,485,2318
batch_7_000079.JPG,2448,3264,Plastic bag & wrapper,580,1500,927,1791
batch_7_000079.JPG,2448,3264,Plastic bag & wrapper,1205,1631,1349,1724
batch_7_000079.JPG,2448,3264,Cigarette,226,2146,278,2172
batch_7_000079.JPG,2448,3264,Cigarette,302,2250,332,2292
batch_7_000079.JPG,2448,3264,Cigarette,376,2252,396,2290
batch_7_000080.JPG,3264,2448,Aluminium foil,1557,1714,1718,1978
batch_7_000080.JPG,3264,2448,Bottle,2093,1023,2235,1265
batch_7_000080.JPG,3264,2448,Bottle cap,2133,1232,2183,1266
batch_7_000080.JPG,3264,2448,Cigarette,3054,160,3084,178
batch_7_000081.JPG,2448,3264,Paper bag,1090,1764,1345,2034
batch_7_000081.JPG,2448,3264,Carton,2127,996,2199,1042
batch_7_000081.JPG,2448,3264,Carton,2157,955,2255,994
batch_7_000081.JPG,2448,3264,Plastic bag & wrapper,1542,750,1731,847
batch_7_000082.JPG,3264,2448,Bottle,886,1343,1151,1563
batch_7_000083.JPG,2448,3264,Plastic bag & wrapper,650,1100,1108,1559
batch_7_000083.JPG,2448,3264,Broken glass,1992,890,2034,935
batch_7_000083.JPG,2448,3264,Cigarette,340,1310,368,1344
batch_7_000084.JPG,2448,2448,Cup,1136,1125,1331,1253
batch_7_000084.JPG,2448,2448,Lid,1136,1125,1201,1235
batch_7_000084.JPG,2448,2448,Cigarette,784,1138,818,1154
batch_7_000084.JPG,2448,2448,Cigarette,492,1086,526,1104
batch_7_000084.JPG,2448,2448,Cigarette,280,944,320,960
batch_7_000084.JPG,2448,2448,Cigarette,1904,1230,1924,1264
batch_7_000085.JPG,2448,3264,Bottle,694,2484,1122,2818
batch_7_000085.JPG,2448,3264,Bottle,927,1786,1288,2017
batch_7_000085.JPG,2448,3264,Bottle,461,1196,828,1305
batch_7_000085.JPG,2448,3264,Bottle,433,1065,584,1172
batch_7_000085.JPG,2448,3264,Bottle,555,1481,693,1713
batch_7_000085.JPG,2448,3264,Bottle,1064,737,1260,818
batch_7_000085.JPG,2448,3264,Bottle,407,874,530,1023
batch_7_000085.JPG,2448,3264,Bottle,59,1072,224,1187
batch_7_000085.JPG,2448,3264,Bottle,101,310,185,460
batch_7_000085.JPG,2448,3264,Bottle,2,236,71,303
batch_7_000085.JPG,2448,3264,Plastic bag & wrapper,1093,2038,1174,2124
batch_7_000085.JPG,2448,3264,Plastic bag & wrapper,586,2512,725,2631
batch_7_000085.JPG,2448,3264,Bottle cap,460,1223,481,1243
batch_7_000085.JPG,2448,3264,Bottle cap,1064,762,1082,802
batch_7_000085.JPG,2448,3264,Cup,257,1088,485,1255
batch_7_000085.JPG,2448,3264,Unlabeled litter,1,726,447,1076
batch_7_000085.JPG,2448,3264,Unlabeled litter,1,1,51,102
batch_7_000085.JPG,2448,3264,Carton,135,188,206,253
batch_7_000085.JPG,2448,3264,Paper,546,2181,587,2233
batch_7_000085.JPG,2448,3264,Cigarette,760,2870,804,2940
batch_7_000086.JPG,2448,3264,Cup,1480,2176,1691,2410
batch_7_000086.JPG,2448,3264,Bottle cap,1920,2448,1969,2485
batch_7_000086.JPG,2448,3264,Paper,1686,2527,1829,2764
batch_7_000086.JPG,2448,3264,Cigarette,1676,2558,1718,2612
batch_7_000087.JPG,3264,2448,Bottle cap,2337,1587,2368,1651
batch_7_000087.JPG,3264,2448,Bottle cap,1567,1516,1614,1569
batch_7_000087.JPG,3264,2448,Cup,1826,1485,2038,1642
batch_7_000087.JPG,3264,2448,Cup,777,1474,975,1717
batch_7_000087.JPG,3264,2448,Cup,996,1550,1180,1758
batch_7_000087.JPG,3264,2448,Bottle,1772,1345,2093,1508
batch_7_000087.JPG,3264,2448,Plastic bag & wrapper,1589,1353,1856,1695
batch_7_000087.JPG,3264,2448,Straw,474,1444,593,1567
batch_7_000087.JPG,3264,2448,Lid,405,1537,503,1633
batch_7_000087.JPG,3264,2448,Cigarette,2130,2330,2180,2364
batch_7_000088.JPG,2448,3264,Bottle,1312,1524,1413,1567
batch_7_000089.JPG,3264,2448,Bottle,1449,1316,1578,1355
batch_7_000090.JPG,2448,3264,Bottle,1510,2313,1832,2957
batch_7_000090.JPG,2448,3264,Bottle cap,1524,2315,1601,2403
batch_7_000091.JPG,3264,2448,Bottle,1741,1200,1963,1860
batch_7_000091.JPG,3264,2448,Bottle cap,1819,1200,1893,1285
batch_7_000092.JPG,3264,2448,Carton,1710,517,2880,1887
batch_7_000092.JPG,3264,2448,Can,1254,493,1680,1222
batch_7_000092.JPG,3264,2448,Can,1063,1043,1614,1650
batch_7_000092.JPG,3264,2448,Pop tab,1389,590,1495,650
batch_7_000092.JPG,3264,2448,Pop tab,1191,1040,1324,1140
batch_7_000093.JPG,2448,3264,Cup,987,1147,1362,1453
batch_7_000094.JPG,2448,3264,Cup,1251,1182,1488,1422
batch_7_000095.JPG,2448,3264,Can,919,1627,1224,1805
batch_7_000096.JPG,2448,2448,Bottle,1016,1352,1458,1537
batch_7_000096.JPG,2448,2448,Carton,1,1103,101,1242
batch_7_000096.JPG,2448,2448,Cigarette,972,718,1030,740
batch_7_000097.JPG,2448,3264,Plastic bag & wrapper,347,483,649,761
batch_7_000097.JPG,2448,3264,Rope & strings,1,654,40,688
batch_7_000098.JPG,3264,2448,Other plastic,1103,1273,2234,1675
batch_7_000100.JPG,3264,2448,Other plastic,1519,1451,1726,1711
batch_7_000101.JPG,3264,2448,Other plastic,1867,1374,2275,1734
batch_7_000102.JPG,3264,2448,Other plastic,1605,1844,2014,2157
batch_7_000103.JPG,3264,2448,Plastic bag & wrapper,2139,942,2238,1221
batch_7_000104.JPG,3264,2448,Plastic bag & wrapper,1440,972,1854,1108
batch_7_000106.JPG,3264,2448,Other plastic,220,851,415,1076
batch_7_000107.JPG,3264,2448,Unlabeled litter,1900,1173,2167,1293
batch_7_000108.JPG,3264,2448,Plastic bag & wrapper,1037,1054,1399,1260
batch_7_000109.JPG,3264,2448,Bottle,1884,942,2046,1281
batch_7_000109.JPG,3264,2448,Bottle cap,1940,942,2015,993
batch_7_000109.JPG,3264,2448,Styrofoam piece,1769,1570,1921,1754
batch_7_000110.JPG,2448,3264,Bottle,663,1655,1333,2107
batch_7_000110.JPG,2448,3264,Bottle cap,1189,1791,1333,2025
batch_7_000111.JPG,3264,2448,Cup,1529,1554,1812,1842
batch_7_000112.JPG,3264,2448,Bottle,1628,1543,1753,1628
batch_7_000112.JPG,3264,2448,Bottle cap,1628,1603,1643,1620
batch_7_000113.JPG,3264,2448,Bottle,1537,1554,1718,1705
batch_7_000113.JPG,3264,2448,Bottle cap,1538,1670,1568,1699
batch_7_000114.JPG,3264,2448,Can,1767,1397,2015,1588
batch_7_000114.JPG,3264,2448,Can,1639,1308,1788,1434
batch_7_000114.JPG,3264,2448,Pop tab,1733,1352,1765,1396
batch_7_000114.JPG,3264,2448,Pop tab,1785,1413,1796,1457
batch_7_000115.JPG,3264,2448,Styrofoam piece,1654,827,1881,1017
batch_7_000117.JPG,3264,2448,Styrofoam piece,2285,873,2631,1177
batch_7_000118.JPG,3264,2448,Can,1674,1217,1897,1484
batch_7_000119.JPG,3264,2448,Bottle,1826,1285,2401,1506
batch_7_000120.JPG,3264,2448,Other plastic,1395,1346,1766,1484
batch_7_000120.JPG,3264,2448,Other plastic,1319,281,1408,373
batch_7_000120.JPG,3264,2448,Other plastic,1505,282,1680,332
batch_7_000120.JPG,3264,2448,Styrofoam piece,2479,966,3032,1331
batch_7_000121.JPG,3264,2448,Plastic bag & wrapper,1564,1465,2040,1731
batch_7_000122.JPG,3264,2448,Plastic bag & wrapper,2010,938,2279,1350
batch_7_000122.JPG,3264,2448,Other plastic,945,1276,1058,1463
batch_7_000122.JPG,3264,2448,Unlabeled litter,720,1219,838,1312
batch_7_000122.JPG,3264,2448,Other plastic,1211,1659,1368,1810
batch_7_000122.JPG,3264,2448,Other plastic,1330,1632,1377,1661
batch_7_000122.JPG,3264,2448,Other plastic,1506,1506,1703,1770
batch_7_000122.JPG,3264,2448,Other plastic,659,1477,752,1534
batch_7_000123.JPG,3264,2448,Styrofoam piece,900,1339,1197,1589
batch_7_000123.JPG,3264,2448,Cigarette,142,1362,184,1462
batch_7_000124.JPG,3264,2448,Plastic bag & wrapper,1557,1282,1876,1650
batch_7_000125.JPG,3264,2448,Bottle,1774,884,2032,1374
batch_7_000125.JPG,3264,2448,Styrofoam piece,1778,1338,2105,1631
batch_7_000125.JPG,3264,2448,Styrofoam piece,3034,2035,3125,2113
batch_7_000125.JPG,3264,2448,Styrofoam piece,2732,1889,2806,1950
batch_7_000125.JPG,3264,2448,Styrofoam piece,2923,1788,2982,1827
batch_7_000126.JPG,3264,2448,Bottle cap,1094,1642,1193,1738
batch_7_000127.JPG,2448,3264,Styrofoam piece,1650,1465,1805,1582
batch_7_000127.JPG,2448,3264,Other plastic,1613,1409,1643,1670
batch_7_000127.JPG,2448,3264,Other plastic,1595,466,1710,683
batch_7_000128.JPG,3264,2448,Plastic bag & wrapper,1726,1054,1997,1370
batch_7_000129.JPG,3264,2448,Plastic bag & wrapper,1932,1198,2363,1535
batch_7_000129.JPG,3264,2448,Styrofoam piece,740,828,814,889
batch_7_000131.JPG,2448,3264,Bottle cap,1538,1539,1609,1606
batch_7_000131.JPG,2448,3264,Bottle cap,1289,1423,1353,1486
batch_7_000131.JPG,2448,3264,Other plastic,505,570,572,627
batch_7_000131.JPG,2448,3264,Other plastic,230,2830,449,3052
batch_7_000132.JPG,3264,2448,Other plastic,1014,1336,1205,1701
batch_7_000132.JPG,3264,2448,Bottle cap,2130,1044,2241,1135
batch_7_000133.JPG,3264,2448,Plastic bag & wrapper,1413,556,2067,1095
batch_7_000134.JPG,3264,2448,Plastic bag & wrapper,1093,1815,1235,1934
batch_7_000134.JPG,3264,2448,Other plastic,647,922,670,978
batch_7_000134.JPG,3264,2448,Unlabeled litter,543,862,603,938
batch_7_000134.JPG,3264,2448,Other plastic,1815,1903,1845,2067
batch_7_000135.JPG,3264,2448,Bottle,1343,1577,1503,1978
batch_7_000136.JPG,3264,2448,Rope & strings,1720,482,1864,679
batch_7_000136.JPG,3264,2448,Paper,1903,947,2124,1087
batch_7_000136.JPG,3264,2448,Other plastic,1018,1108,1060,1164
batch_7_000137.JPG,3264,2448,Other plastic,2214,1327,2568,1578
batch_7_000137.JPG,3264,2448,Other plastic,2534,1163,2571,1188
batch_7_000138.JPG,2448,3264,Bottle cap,773,1504,865,1600
batch_7_000138.JPG,2448,3264,Other plastic,2165,1259,2189,1454
batch_7_000138.JPG,2448,3264,Other plastic,1897,1399,2056,1551
batch_7_000138.JPG,2448,3264,Other plastic,1903,1261,1968,1341
batch_7_000139.JPG,2448,3264,Other plastic,1700,939,1996,1095
batch_7_000139.JPG,2448,3264,Other plastic,1859,768,1911,793
batch_7_000140.JPG,2448,3264,Other plastic,1145,1472,1373,1603
batch_7_000140.JPG,2448,3264,Bottle cap,2057,269,2099,323
batch_7_000141.JPG,2448,3264,Plastic bag & wrapper,1100,1315,1525,1649
batch_7_000142.JPG,2448,3264,Styrofoam piece,1555,1192,1668,1360
